AccountID,CustomerID,AccountType,Balance,Currency,OpenDate,AccountStatus,BranchCode
ACC00001,CUST0110,Current,4838831.55,NGN,2020-12-18,Active,BR03
ACC00002,CUST0065,Domiciliary,3909980.86,NGN,2023-06-07,Active,BR18
ACC00003,CUST0017,Domiciliary,1629768.24,NGN,2020-02-27,Active,BR03
ACC00004,CUST0133,Savings,1401860.58,NGN,2020-10-06,Active,BR11
ACC00005,CUST0062,Fixed Deposit,3929439.73,NGN,2021-02-16,Active,BR20
ACC00006,CUST0121,Domiciliary,1825395.18,NGN,2024-04-04,Active,BR20
ACC00007,CUST0086,Fixed Deposit,4660369.73,NGN,2021-05-07,Active,BR16
ACC00008,CUST0138,Domiciliary,999400.34,NGN,2020-07-10,Active,BR01
ACC00009,CUST0071,Domiciliary,4986326.0,NGN,2021-05-04,Active,BR14
ACC00010,CUST0009,Current,900046.1,USD,2021-03-29,Closed,BR06
ACC00011,CUST0175,Fixed Deposit,3838205.73,NGN,2020-04-29,Active,BR20
ACC00012,CUST0071,Domiciliary,135067.09,NGN,2023-06-26,Active,BR14
ACC00013,CUST0200,Current,3636203.21,NGN,2021-07-22,Active,BR06
ACC00014,CUST0055,Domiciliary,4714903.09,NGN,2023-05-20,Active,BR02
ACC00015,CUST0197,Current,1048637.16,NGN,2021-11-29,Active,BR04
ACC00016,CUST0190,Current,3988528.76,NGN,2024-04-14,Active,BR11
ACC00017,CUST0016,Fixed Deposit,4156493.4,NGN,2021-01-25,Active,BR07
ACC00018,CUST0128,Current,346258.78,NGN,2021-03-24,Active,BR07
ACC00019,CUST0073,Domiciliary,4239015.76,NGN,2019-05-15,Active,BR14
ACC00020,CUST0161,Savings,3975330.6,NGN,2024-06-06,Dormant,BR18
ACC00021,CUST0136,Domiciliary,3365051.77,NGN,2024-02-03,Active,BR18
ACC00022,CUST0191,Domiciliary,696326.02,NGN,2022-04-05,Active,BR09
ACC00023,CUST0029,Current,1514511.8,NGN,2022-06-05,Active,BR10
ACC00024,CUST0122,Domiciliary,1263782.08,NGN,2021-11-14,Active,BR10
ACC00025,CUST0157,Current,771139.1,NGN,2019-08-23,Active,BR08
ACC00026,CUST0007,Fixed Deposit,2115928.21,NGN,2021-04-04,Active,BR04
ACC00027,CUST0014,Current,1885265.59,NGN,2018-06-22,Active,BR02
ACC00028,CUST0156,Fixed Deposit,2245609.07,NGN,2021-03-24,Active,BR13
ACC00029,CUST0074,Savings,2989870.31,NGN,2018-11-20,Active,BR19
ACC00030,CUST0077,Domiciliary,2911428.97,NGN,2021-11-19,Active,BR18
ACC00031,CUST0114,Fixed Deposit,2672069.82,NGN,2022-12-17,Closed,BR16
ACC00032,CUST0122,Savings,4617517.02,NGN,2020-11-16,Active,BR05
ACC00033,CUST0136,Current,4348233.81,NGN,2023-05-17,Active,BR02
ACC00034,CUST0190,Savings,2091794.31,NGN,2020-05-26,Active,BR12
ACC00035,CUST0075,Fixed Deposit,184307.44,NGN,2020-04-07,Active,BR01
ACC00036,CUST0153,Domiciliary,4842155.99,USD,2024-01-16,Active,BR14
ACC00037,CUST0115,Savings,3508320.62,NGN,2021-01-15,Active,BR03
ACC00038,CUST0106,Savings,4061578.73,USD,2024-04-21,Active,BR10
ACC00039,CUST0080,Current,2969302.81,NGN,2021-01-17,Active,BR20
ACC00040,CUST0130,Current,4572049.04,NGN,2019-07-17,Dormant,BR16
ACC00041,CUST0050,Domiciliary,547292.44,NGN,2019-03-24,Active,BR07
ACC00042,CUST0023,Current,1241530.73,NGN,2020-09-07,Active,BR04
ACC00043,CUST0148,Fixed Deposit,3323637.09,NGN,2020-09-20,Active,BR01
ACC00044,CUST0100,Fixed Deposit,832109.3,NGN,2018-07-27,Active,BR07
ACC00045,CUST0078,Savings,3063583.17,USD,2023-12-16,Active,BR06
ACC00046,CUST0113,Current,2816319.85,NGN,2020-07-13,Active,BR10
ACC00047,CUST0053,Current,3225333.5,NGN,2020-08-11,Active,BR03
ACC00048,CUST0053,Savings,3233894.66,NGN,2018-08-04,Dormant,BR16
ACC00049,CUST0090,Domiciliary,4834072.26,NGN,2019-02-15,Dormant,BR04
ACC00050,CUST0200,Current,1658317.71,NGN,2022-08-20,Active,BR10
ACC00051,CUST0058,Current,3981257.21,NGN,2021-09-14,Active,BR13
ACC00052,CUST0184,Domiciliary,530169.79,USD,2023-04-19,Active,BR16
ACC00053,CUST0099,Current,493483.49,NGN,2019-02-16,Active,BR16
ACC00054,CUST0025,Fixed Deposit,1110394.4,NGN,2019-07-18,Active,BR09
ACC00055,CUST0171,Fixed Deposit,3734391.71,NGN,2018-01-22,Active,BR03
ACC00056,CUST0091,Domiciliary,2790188.09,NGN,2024-03-04,Active,BR18
ACC00057,CUST0180,Domiciliary,3438478.21,NGN,2019-10-09,Active,BR13
ACC00058,CUST0090,Fixed Deposit,1105548.17,NGN,2022-07-25,Active,BR06
ACC00059,CUST0018,Fixed Deposit,1870910.78,NGN,2023-05-03,Active,BR12
ACC00060,CUST0137,Fixed Deposit,2315584.51,NGN,2023-05-10,Active,BR13
ACC00061,CUST0170,Fixed Deposit,3397937.66,NGN,2020-03-27,Active,BR12
ACC00062,CUST0064,Domiciliary,3452341.31,NGN,2021-03-22,Active,BR06
ACC00063,CUST0070,Domiciliary,754149.29,USD,2021-08-08,Active,BR15
ACC00064,CUST0013,Savings,4988514.78,USD,2021-03-15,Closed,BR02
ACC00065,CUST0109,Domiciliary,2414114.04,USD,2018-08-31,Closed,BR09
ACC00066,CUST0179,Fixed Deposit,1477513.39,NGN,2019-01-02,Active,BR15
ACC00067,CUST0171,Current,4602777.45,NGN,2024-06-09,Active,BR15
ACC00068,CUST0143,Fixed Deposit,429731.07,NGN,2020-08-09,Active,BR09
ACC00069,CUST0186,Fixed Deposit,4156673.06,NGN,2024-01-01,Active,BR08
ACC00070,CUST0128,Domiciliary,3650888.54,NGN,2018-06-02,Active,BR09
ACC00071,CUST0159,Savings,1741969.1,USD,2019-12-19,Active,BR19
ACC00072,CUST0102,Current,1715661.87,NGN,2022-09-08,Active,BR02
ACC00073,CUST0025,Current,3921457.85,NGN,2019-12-22,Active,BR05
ACC00074,CUST0041,Savings,2605813.59,NGN,2018-05-29,Active,BR04
ACC00075,CUST0028,Fixed Deposit,1741827.33,NGN,2022-06-15,Active,BR03
ACC00076,CUST0159,Domiciliary,488566.34,NGN,2023-07-23,Active,BR12
ACC00077,CUST0006,Fixed Deposit,3610108.72,NGN,2020-02-03,Active,BR18
ACC00078,CUST0111,Current,2262509.74,NGN,2021-03-31,Active,BR14
ACC00079,CUST0074,Current,336338.11,NGN,2018-06-03,Active,BR19
ACC00080,CUST0161,Fixed Deposit,223892.92,NGN,2018-02-07,Closed,BR08
ACC00081,CUST0111,Current,3554039.56,NGN,2021-05-07,Active,BR18
ACC00082,CUST0123,Domiciliary,113414.28,NGN,2024-05-15,Active,BR02
ACC00083,CUST0018,Current,1715718.2,USD,2019-03-16,Active,BR13
ACC00084,CUST0062,Domiciliary,547258.73,NGN,2021-10-04,Active,BR17
ACC00085,CUST0200,Fixed Deposit,4000350.6,NGN,2021-03-11,Active,BR14
ACC00086,CUST0144,Fixed Deposit,4649647.27,NGN,2023-02-05,Active,BR18
ACC00087,CUST0106,Domiciliary,3702577.18,NGN,2024-02-04,Active,BR16
ACC00088,CUST0154,Domiciliary,2580211.51,NGN,2023-11-18,Active,BR19
ACC00089,CUST0165,Domiciliary,2759775.49,NGN,2023-07-17,Active,BR08
ACC00090,CUST0015,Current,1655282.78,NGN,2019-07-04,Active,BR16
ACC00091,CUST0195,Fixed Deposit,2132133.73,USD,2023-08-28,Active,BR10
ACC00092,CUST0129,Current,2310539.76,NGN,2023-04-02,Active,BR03
ACC00093,CUST0090,Current,3988880.06,NGN,2021-01-22,Active,BR13
ACC00094,CUST0137,Domiciliary,3148986.71,NGN,2020-02-29,Active,BR02
ACC00095,CUST0069,Current,932341.43,NGN,2019-04-07,Active,BR17
ACC00096,CUST0176,Savings,3286710.9,NGN,2021-09-16,Closed,BR19
ACC00097,CUST0157,Savings,1978214.1,NGN,2019-10-28,Closed,BR17
ACC00098,CUST0128,Savings,3687073.15,NGN,2023-02-23,Closed,BR19
ACC00099,CUST0037,Savings,4415545.32,USD,2020-11-19,Active,BR20
ACC00100,CUST0194,Savings,2248150.27,NGN,2020-02-02,Active,BR05
ACC00101,CUST0087,Domiciliary,2148049.43,NGN,2018-02-27,Active,BR04
ACC00102,CUST0183,Current,22747.99,NGN,2021-10-12,Active,BR15
ACC00103,CUST0012,Current,1074373.13,NGN,2021-04-23,Dormant,BR06
ACC00104,CUST0025,Savings,1392084.98,NGN,2024-05-14,Active,BR06
ACC00105,CUST0031,Current,3518946.84,NGN,2020-03-02,Active,BR07
ACC00106,CUST0033,Savings,3980142.25,NGN,2019-12-20,Active,BR07
ACC00107,CUST0065,Current,2886950.85,NGN,2022-07-19,Active,BR05
ACC00108,CUST0142,Domiciliary,3997612.03,NGN,2022-10-18,Active,BR02
ACC00109,CUST0070,Fixed Deposit,2684676.61,NGN,2023-10-12,Active,BR14
ACC00110,CUST0189,Savings,1829282.25,NGN,2021-09-05,Active,BR03
ACC00111,CUST0179,Domiciliary,985772.84,NGN,2018-12-22,Active,BR14
ACC00112,CUST0170,Domiciliary,570217.88,NGN,2022-06-30,Dormant,BR07
ACC00113,CUST0051,Savings,3353671.79,NGN,2019-01-26,Active,BR05
ACC00114,CUST0128,Savings,2447675.15,NGN,2020-01-27,Dormant,BR20
ACC00115,CUST0111,Domiciliary,4829599.04,NGN,2019-07-30,Active,BR09
ACC00116,CUST0026,Savings,1567363.85,USD,2023-05-10,Active,BR11
ACC00117,CUST0061,Savings,1943501.98,NGN,2021-08-18,Active,BR03
ACC00118,CUST0107,Fixed Deposit,1963023.76,NGN,2020-10-13,Active,BR03
ACC00119,CUST0101,Fixed Deposit,571603.25,NGN,2018-01-28,Dormant,BR13
ACC00120,CUST0034,Savings,1760248.63,NGN,2020-12-04,Active,BR18
ACC00121,CUST0189,Domiciliary,2289574.0,NGN,2022-04-21,Active,BR13
ACC00122,CUST0031,Current,863051.3,NGN,2020-08-22,Closed,BR18
ACC00123,CUST0132,Savings,3368107.52,NGN,2023-01-04,Dormant,BR11
ACC00124,CUST0145,Savings,4003166.61,NGN,2020-12-29,Active,BR09
ACC00125,CUST0122,Current,4593453.56,NGN,2021-09-12,Active,BR17
ACC00126,CUST0169,Current,2951046.74,NGN,2021-05-21,Active,BR15
ACC00127,CUST0113,Current,3360714.35,NGN,2024-06-04,Active,BR01
ACC00128,CUST0166,Fixed Deposit,1566272.13,USD,2018-02-16,Active,BR20
ACC00129,CUST0006,Fixed Deposit,1193244.35,NGN,2020-12-07,Active,BR19
ACC00130,CUST0010,Fixed Deposit,585186.05,NGN,2022-01-12,Closed,BR17
ACC00131,CUST0129,Domiciliary,1866843.7,NGN,2020-08-25,Active,BR14
ACC00132,CUST0116,Savings,707222.04,NGN,2018-09-12,Active,BR04
ACC00133,CUST0131,Fixed Deposit,1942622.11,NGN,2019-04-30,Active,BR14
ACC00134,CUST0154,Domiciliary,2982330.87,NGN,2023-03-22,Active,BR05
ACC00135,CUST0084,Domiciliary,2874242.82,NGN,2021-06-10,Active,BR05
ACC00136,CUST0128,Current,2115482.39,NGN,2019-10-17,Dormant,BR19
ACC00137,CUST0100,Current,2433607.74,NGN,2022-07-19,Active,BR19
ACC00138,CUST0126,Fixed Deposit,2687127.66,NGN,2023-08-21,Closed,BR19
ACC00139,CUST0058,Savings,4595845.4,USD,2021-06-27,Active,BR04
ACC00140,CUST0192,Savings,4653509.34,USD,2019-04-26,Active,BR04
ACC00141,CUST0097,Savings,866587.39,NGN,2021-04-23,Active,BR19
ACC00142,CUST0161,Domiciliary,834744.19,NGN,2022-02-14,Active,BR04
ACC00143,CUST0137,Domiciliary,1444529.45,NGN,2020-06-23,Active,BR10
ACC00144,CUST0060,Domiciliary,935899.35,NGN,2020-06-16,Active,BR18
ACC00145,CUST0015,Domiciliary,4210005.08,NGN,2019-07-02,Dormant,BR12
ACC00146,CUST0012,Savings,3097240.19,NGN,2023-05-13,Active,BR14
ACC00147,CUST0088,Savings,4327678.39,NGN,2019-09-20,Active,BR09
ACC00148,CUST0097,Current,4759233.83,NGN,2023-02-07,Closed,BR13
ACC00149,CUST0041,Savings,2423302.29,NGN,2022-03-11,Active,BR16
ACC00150,CUST0122,Domiciliary,976044.89,NGN,2022-08-31,Active,BR19
ACC00151,CUST0063,Domiciliary,1920028.91,NGN,2024-02-28,Active,BR20
ACC00152,CUST0144,Fixed Deposit,2808129.6,NGN,2023-04-13,Active,BR16
ACC00153,CUST0147,Savings,3265522.27,NGN,2024-01-11,Active,BR02
ACC00154,CUST0173,Savings,2045967.17,NGN,2020-06-13,Closed,BR06
ACC00155,CUST0196,Current,2458883.54,NGN,2020-10-10,Active,BR09
ACC00156,CUST0027,Current,3550856.79,NGN,2018-12-02,Active,BR13
ACC00157,CUST0075,Domiciliary,2219536.79,NGN,2023-11-23,Closed,BR05
ACC00158,CUST0113,Fixed Deposit,836683.81,NGN,2023-01-04,Active,BR20
ACC00159,CUST0064,Savings,2827206.3,NGN,2023-12-04,Active,BR20
ACC00160,CUST0094,Savings,3979506.51,NGN,2022-01-21,Closed,BR13
ACC00161,CUST0054,Fixed Deposit,1103037.27,NGN,2018-11-16,Closed,BR02
ACC00162,CUST0050,Savings,163959.09,NGN,2024-04-29,Active,BR13
ACC00163,CUST0020,Current,1124604.66,NGN,2019-04-05,Closed,BR11
ACC00164,CUST0059,Fixed Deposit,1443707.22,NGN,2018-09-10,Active,BR08
ACC00165,CUST0077,Savings,3903810.62,NGN,2024-02-22,Active,BR02
ACC00166,CUST0124,Current,2828469.48,USD,2023-09-02,Dormant,BR16
ACC00167,CUST0050,Current,3862851.92,NGN,2020-04-08,Active,BR09
ACC00168,CUST0174,Domiciliary,2476819.06,NGN,2024-06-03,Active,BR12
ACC00169,CUST0032,Savings,2554274.5,NGN,2024-01-08,Active,BR01
ACC00170,CUST0066,Fixed Deposit,2863783.91,NGN,2019-09-06,Active,BR11
ACC00171,CUST0116,Current,1339810.6,NGN,2019-11-05,Active,BR10
ACC00172,CUST0063,Current,2715759.36,NGN,2021-09-05,Active,BR10
ACC00173,CUST0153,Domiciliary,4954472.65,NGN,2023-11-02,Active,BR09
ACC00174,CUST0100,Fixed Deposit,2710445.87,USD,2022-12-15,Closed,BR16
ACC00175,CUST0103,Domiciliary,3784052.82,NGN,2019-04-22,Active,BR04
ACC00176,CUST0100,Current,3800140.65,NGN,2020-04-21,Active,BR08
ACC00177,CUST0062,Savings,2207112.22,NGN,2023-06-26,Dormant,BR05
ACC00178,CUST0005,Fixed Deposit,1093100.4,NGN,2019-01-08,Active,BR10
ACC00179,CUST0190,Savings,2126060.86,NGN,2023-09-22,Active,BR15
ACC00180,CUST0102,Savings,3680075.49,USD,2022-12-30,Active,BR11
ACC00181,CUST0194,Domiciliary,3268531.68,NGN,2018-08-16,Closed,BR09
ACC00182,CUST0044,Current,1238034.36,NGN,2023-02-01,Active,BR14
ACC00183,CUST0071,Savings,4374111.83,NGN,2019-06-25,Active,BR20
ACC00184,CUST0011,Fixed Deposit,161635.86,NGN,2023-10-04,Active,BR03
ACC00185,CUST0099,Domiciliary,1314444.72,NGN,2022-08-29,Active,BR07
ACC00186,CUST0177,Fixed Deposit,4311067.03,NGN,2023-02-15,Active,BR15
ACC00187,CUST0131,Savings,435371.54,NGN,2024-04-28,Active,BR07
ACC00188,CUST0095,Fixed Deposit,4326519.71,NGN,2018-08-25,Active,BR14
ACC00189,CUST0108,Domiciliary,587371.44,NGN,2024-04-07,Active,BR16
ACC00190,CUST0170,Domiciliary,4059538.62,NGN,2023-03-09,Closed,BR17
ACC00191,CUST0087,Current,1049785.9,NGN,2021-06-16,Active,BR12
ACC00192,CUST0177,Fixed Deposit,3688196.1,NGN,2018-03-31,Active,BR02
ACC00193,CUST0146,Domiciliary,3445823.37,NGN,2022-06-10,Dormant,BR17
ACC00194,CUST0153,Domiciliary,4305312.96,NGN,2020-11-08,Active,BR06
ACC00195,CUST0074,Current,3051503.88,NGN,2018-01-13,Active,BR03
ACC00196,CUST0081,Domiciliary,2141121.22,NGN,2020-06-11,Active,BR10
ACC00197,CUST0115,Savings,3080947.92,NGN,2024-06-26,Active,BR17
ACC00198,CUST0039,Fixed Deposit,3924354.13,NGN,2018-10-27,Closed,BR13
ACC00199,CUST0111,Current,4067742.56,NGN,2018-07-05,Active,BR05
ACC00200,CUST0015,Savings,4027299.75,NGN,2022-10-02,Active,BR17
ACC00201,CUST0101,Savings,2850586.69,NGN,2021-11-12,Active,BR19
ACC00202,CUST0153,Fixed Deposit,2661637.85,NGN,2018-09-19,Active,BR01
ACC00203,CUST0056,Current,2984490.0,NGN,2024-01-26,Active,BR06
ACC00204,CUST0198,Domiciliary,842302.63,USD,2018-09-04,Active,BR07
ACC00205,CUST0137,Current,4895011.28,NGN,2018-10-10,Active,BR07
ACC00206,CUST0024,Domiciliary,1463527.17,NGN,2023-04-18,Active,BR02
ACC00207,CUST0196,Fixed Deposit,2863891.53,NGN,2018-05-10,Active,BR08
ACC00208,CUST0079,Fixed Deposit,4762010.53,NGN,2021-03-21,Active,BR02
ACC00209,CUST0159,Savings,2572317.73,NGN,2022-08-02,Dormant,BR15
ACC00210,CUST0068,Savings,4500826.37,NGN,2020-01-08,Closed,BR02
ACC00211,CUST0188,Savings,4075996.94,NGN,2019-07-09,Active,BR12
ACC00212,CUST0151,Fixed Deposit,678376.74,NGN,2022-09-18,Active,BR07
ACC00213,CUST0040,Domiciliary,3750595.64,NGN,2022-03-14,Closed,BR09
ACC00214,CUST0102,Fixed Deposit,2058275.32,NGN,2022-04-16,Active,BR12
ACC00215,CUST0101,Fixed Deposit,296899.79,NGN,2023-01-12,Active,BR15
ACC00216,CUST0010,Savings,1386979.02,NGN,2022-03-27,Active,BR17
ACC00217,CUST0028,Current,3279653.44,NGN,2022-03-19,Active,BR13
ACC00218,CUST0067,Savings,3507281.92,NGN,2018-11-25,Active,BR04
ACC00219,CUST0095,Current,663887.94,NGN,2024-01-18,Active,BR01
ACC00220,CUST0092,Domiciliary,731644.1,NGN,2019-06-29,Active,BR08
ACC00221,CUST0122,Domiciliary,1610822.51,NGN,2021-11-25,Closed,BR12
ACC00222,CUST0104,Domiciliary,1238149.92,NGN,2019-05-01,Active,BR16
ACC00223,CUST0066,Savings,4217856.51,NGN,2020-01-02,Closed,BR20
ACC00224,CUST0123,Savings,1963807.4,NGN,2024-01-10,Active,BR15
ACC00225,CUST0033,Savings,711287.08,NGN,2022-05-29,Active,BR06
ACC00226,CUST0199,Fixed Deposit,3162193.71,USD,2023-12-07,Closed,BR16
ACC00227,CUST0148,Savings,3139250.2,NGN,2019-06-06,Active,BR19
ACC00228,CUST0060,Fixed Deposit,1876174.05,USD,2020-07-01,Closed,BR18
ACC00229,CUST0068,Domiciliary,378043.61,NGN,2018-01-15,Active,BR12
ACC00230,CUST0166,Savings,3973095.85,NGN,2018-04-04,Closed,BR12
ACC00231,CUST0107,Fixed Deposit,3844536.73,NGN,2021-05-07,Active,BR06
ACC00232,CUST0142,Domiciliary,2014552.44,USD,2023-03-12,Active,BR09
ACC00233,CUST0060,Domiciliary,3749137.01,NGN,2024-02-09,Active,BR03
ACC00234,CUST0164,Savings,3473670.73,NGN,2022-10-04,Active,BR10
ACC00235,CUST0074,Current,4386648.13,NGN,2023-12-19,Active,BR01
ACC00236,CUST0135,Current,2273750.9,NGN,2022-04-03,Active,BR13
ACC00237,CUST0196,Domiciliary,2440478.38,NGN,2020-07-29,Active,BR02
ACC00238,CUST0117,Current,2909986.75,NGN,2020-10-10,Active,BR06
ACC00239,CUST0160,Current,4344604.36,NGN,2023-03-02,Active,BR19
ACC00240,CUST0146,Fixed Deposit,4235913.05,NGN,2021-11-18,Active,BR07
ACC00241,CUST0138,Fixed Deposit,466161.72,NGN,2019-09-28,Active,BR08
ACC00242,CUST0006,Fixed Deposit,4860765.38,NGN,2021-02-03,Active,BR08
ACC00243,CUST0095,Domiciliary,3174385.31,NGN,2020-02-12,Active,BR07
ACC00244,CUST0194,Current,3486596.24,NGN,2019-04-08,Active,BR09
ACC00245,CUST0157,Savings,4250606.15,NGN,2018-05-12,Active,BR14
ACC00246,CUST0156,Current,3978491.79,NGN,2022-09-14,Active,BR17
ACC00247,CUST0116,Domiciliary,1988880.48,NGN,2018-03-06,Active,BR01
ACC00248,CUST0145,Fixed Deposit,4840658.84,NGN,2020-09-12,Active,BR01
ACC00249,CUST0117,Domiciliary,4124325.81,NGN,2020-04-24,Active,BR16
ACC00250,CUST0035,Fixed Deposit,2473827.38,NGN,2018-10-03,Active,BR05
ACC00251,CUST0126,Domiciliary,1614664.32,NGN,2019-02-18,Active,BR06
ACC00252,CUST0124,Savings,1418323.58,NGN,2018-05-18,Active,BR20
ACC00253,CUST0169,Fixed Deposit,2736779.02,NGN,2023-01-03,Active,BR01
ACC00254,CUST0030,Fixed Deposit,653405.95,NGN,2018-07-19,Active,BR08
ACC00255,CUST0137,Current,4262186.67,NGN,2020-09-29,Active,BR09
ACC00256,CUST0007,Domiciliary,3941624.12,NGN,2018-07-01,Active,BR20
ACC00257,CUST0190,Current,4470826.21,NGN,2022-07-06,Active,BR10
ACC00258,CUST0022,Domiciliary,3811388.99,NGN,2022-12-03,Active,BR09
ACC00259,CUST0004,Savings,230191.66,NGN,2020-08-17,Active,BR14
ACC00260,CUST0063,Current,3131084.52,NGN,2024-01-20,Active,BR13
ACC00261,CUST0031,Fixed Deposit,4183592.54,NGN,2020-06-08,Dormant,BR12
ACC00262,CUST0139,Savings,81898.62,NGN,2018-08-20,Active,BR15
ACC00263,CUST0083,Domiciliary,4647199.66,NGN,2019-07-28,Active,BR09
ACC00264,CUST0155,Fixed Deposit,790338.58,NGN,2023-08-26,Active,BR07
ACC00265,CUST0185,Domiciliary,2282862.42,NGN,2021-03-30,Closed,BR15
ACC00266,CUST0175,Fixed Deposit,4959195.27,USD,2020-08-17,Active,BR10
ACC00267,CUST0148,Domiciliary,2139282.6,NGN,2024-06-17,Active,BR17
ACC00268,CUST0013,Fixed Deposit,4978472.5,NGN,2021-07-30,Active,BR20
ACC00269,CUST0028,Domiciliary,4547081.37,NGN,2024-06-23,Active,BR13
ACC00270,CUST0042,Current,4410797.75,NGN,2021-08-06,Active,BR19
ACC00271,CUST0066,Fixed Deposit,1509676.59,NGN,2020-08-28,Active,BR04
ACC00272,CUST0133,Fixed Deposit,4372179.63,USD,2021-05-21,Active,BR01
ACC00273,CUST0106,Current,4383036.89,USD,2019-08-10,Active,BR17
ACC00274,CUST0063,Domiciliary,467153.25,NGN,2023-11-06,Active,BR12
ACC00275,CUST0035,Fixed Deposit,1802496.7,NGN,2020-06-24,Active,BR18
ACC00276,CUST0183,Current,412561.44,NGN,2022-08-21,Active,BR20
ACC00277,CUST0069,Domiciliary,3322711.8,NGN,2021-05-15,Active,BR20
ACC00278,CUST0071,Fixed Deposit,3244731.59,NGN,2021-02-01,Active,BR10
ACC00279,CUST0155,Fixed Deposit,259410.48,NGN,2018-09-07,Active,BR10
ACC00280,CUST0145,Domiciliary,3128208.57,NGN,2024-03-30,Active,BR04
