CustomerID,FirstName,LastName,Gender,DateOfBirth,Region,Email,PhoneNumber,Occupation,RegistrationDate,Status
CUST0001,Sola,Chukwu,Male,1988-09-06,Ogun,customer1@email.com,8022304198,Employed,2022-11-16,Active
CUST0002,Kemi,Sule,Female,1964-12-29,Lagos,customer2@email.com,8098955314,Employed,2019-10-10,Active
CUST0003,Kemi,Adeola,Male,1961-02-13,Ogun,customer3@email.com,8038468360,Student,2023-02-02,Active
CUST0004,Ade,Ogundele,Female,1993-04-06,Ogun,customer4@email.com,8096128115,Retired,2018-01-14,Active
CUST0005,Amina,Balogun,Male,1972-05-03,Delta,customer5@email.com,8095831286,Retired,2020-12-14,Active
CUST0006,Sola,Nnamdi,Female,1970-12-26,Kano,customer6@email.com,8090147573,Retired,2023-08-13,Active
CUST0007,Fatima,Ogundele,Female,1970-01-05,Delta,customer7@email.com,8012866549,Unemployed,2020-01-02,Active
CUST0008,Toyin,Okeke,Female,1966-04-05,Delta,customer8@email.com,8016788532,Retired,2023-09-11,Active
CUST0009,Tunde,Lawal,Female,1993-01-13,Oyo,customer9@email.com,8054762841,Retired,2019-03-12,Active
CUST0010,Ibrahim,Okeke,Female,1964-08-06,Oyo,customer10@email.com,8042691263,Student,2021-05-07,Active
CUST0011,Tunde,Chukwu,Female,1990-05-10,Enugu,customer11@email.com,8026901217,Self-Employed,2023-09-11,Active
CUST0012,Sola,Nnamdi,Female,1993-03-23,Delta,customer12@email.com,8085776373,Unemployed,2020-03-25,Active
CUST0013,Chisom,Lawal,Female,2000-01-08,Oyo,customer13@email.com,8037542226,Employed,2019-09-19,Active
CUST0014,Musa,Okeke,Female,1984-06-18,Rivers,customer14@email.com,8019208698,Student,2022-03-12,Active
CUST0015,Sola,Ogundele,Female,1963-11-25,Rivers,customer15@email.com,8084384510,Retired,2019-10-24,Active
CUST0016,Emeka,Musa,Female,1986-06-27,Enugu,customer16@email.com,8037804191,Employed,2024-01-19,Inactive
CUST0017,Taiwo,Abubakar,Male,1978-12-04,Rivers,customer17@email.com,8088703005,Student,2023-12-13,Inactive
CUST0018,Uche,Lawal,Male,1961-06-04,Enugu,customer18@email.com,8038984499,Unemployed,2018-01-03,Inactive
CUST0019,Sola,Okeke,Male,1961-05-03,Lagos,customer19@email.com,8041272553,Retired,2021-08-20,Active
CUST0020,Emeka,Obi,Female,1964-03-15,Oyo,customer20@email.com,8054098516,Unemployed,2023-06-25,Active
CUST0021,Chidi,Obi,Male,1969-10-22,Delta,customer21@email.com,8029804386,Student,2018-03-21,Active
CUST0022,Ibrahim,Adeola,Male,1970-06-08,Enugu,customer22@email.com,8089991301,Employed,2019-04-04,Active
CUST0023,Amina,Musa,Male,1982-09-01,Enugu,customer23@email.com,8010380581,Self-Employed,2022-01-26,Active
CUST0024,Sola,Aliyu,Male,1987-01-02,Kano,customer24@email.com,8047215199,Retired,2021-06-13,Active
CUST0025,Bola,Aliyu,Female,1961-03-10,Delta,customer25@email.com,8029419691,Unemployed,2020-09-07,Active
CUST0026,Dayo,Lawal,Female,1985-03-05,Lagos,customer26@email.com,8027447248,Employed,2018-08-26,Active
CUST0027,Ade,Dike,Female,1968-12-01,Kano,customer27@email.com,8082506491,Employed,2020-09-13,Active
CUST0028,Uche,Aliyu,Male,1992-02-13,Oyo,customer28@email.com,8043642236,Self-Employed,2024-05-12,Active
CUST0029,Ade,Eze,Male,1989-02-24,Abuja,customer29@email.com,8033420607,Student,2018-11-19,Active
CUST0030,Chidi,Musa,Female,1991-06-17,Delta,customer30@email.com,8024754064,Self-Employed,2018-12-17,Active
CUST0031,Kemi,Sule,Male,1984-06-11,Abuja,customer31@email.com,8098725654,Self-Employed,2023-06-14,Active
CUST0032,Taiwo,Sule,Female,1978-10-26,Delta,customer32@email.com,8013460153,Student,2018-10-11,Active
CUST0033,Amina,Obi,Male,1969-11-20,Lagos,customer33@email.com,8027690330,Student,2023-12-22,Active
CUST0034,Ade,Adeola,Female,1980-02-24,Kano,customer34@email.com,8011994519,Student,2019-05-31,Active
CUST0035,Emeka,Ogundele,Male,1986-06-07,Enugu,customer35@email.com,8058082464,Employed,2019-06-10,Active
CUST0036,Yemi,Sule,Male,1972-06-23,Kano,customer36@email.com,8041934639,Employed,2023-05-01,Inactive
CUST0037,Zainab,Adeyemi,Female,1996-04-22,Abuja,customer37@email.com,8089034501,Retired,2024-03-01,Active
CUST0038,Ade,Eze,Male,1998-12-29,Delta,customer38@email.com,8053455870,Retired,2019-11-08,Active
CUST0039,Amina,Sule,Male,1960-04-16,Ogun,customer39@email.com,8012118101,Self-Employed,2020-12-21,Active
CUST0040,Uche,Dike,Female,1994-01-14,Oyo,customer40@email.com,8033386929,Self-Employed,2023-12-02,Active
CUST0041,Amina,Yusuf,Male,1996-02-23,Enugu,customer41@email.com,8045617024,Retired,2022-09-30,Active
CUST0042,Emeka,Okonkwo,Female,1967-02-28,Abuja,customer42@email.com,8017032877,Unemployed,2020-05-17,Active
CUST0043,Fatima,Yusuf,Male,1991-04-26,Oyo,customer43@email.com,8027013243,Self-Employed,2024-01-18,Active
CUST0044,Yemi,Dike,Male,1978-12-16,Enugu,customer44@email.com,8066500369,Unemployed,2020-04-03,Active
CUST0045,Emeka,Nnamdi,Female,1975-04-06,Oyo,customer45@email.com,8080610004,Unemployed,2021-06-30,Active
CUST0046,Yemi,Okonkwo,Female,1972-06-18,Delta,customer46@email.com,8025253751,Student,2022-06-23,Inactive
CUST0047,Tunde,Fashola,Female,1966-12-22,Lagos,customer47@email.com,8018530615,Employed,2022-03-10,Inactive
CUST0048,Ngozi,Abubakar,Female,1969-08-28,Abuja,customer48@email.com,8073920651,Retired,2022-11-30,Active
CUST0049,Kemi,Dike,Female,1994-04-01,Rivers,customer49@email.com,8070166480,Employed,2023-10-21,Active
CUST0050,Yemi,Sule,Male,1975-02-05,Ogun,customer50@email.com,8058592048,Retired,2023-01-24,Active
CUST0051,Ade,Adeola,Male,1964-08-01,Rivers,customer51@email.com,8078885632,Employed,2019-05-11,Active
CUST0052,Uche,Adeola,Female,1964-02-28,Abuja,customer52@email.com,8089680504,Retired,2020-10-12,Active
CUST0053,Toyin,Olawale,Female,1977-01-15,Enugu,customer53@email.com,8024636981,Employed,2020-07-09,Active
CUST0054,Amina,Lawal,Male,1964-05-03,Abuja,customer54@email.com,8070667140,Student,2018-09-20,Active
CUST0055,Ngozi,Nnamdi,Male,1976-02-07,Abuja,customer55@email.com,8077624084,Unemployed,2021-10-16,Active
CUST0056,Bola,Lawal,Female,1998-01-06,Delta,customer56@email.com,8039735904,Retired,2018-03-28,Inactive
CUST0057,Bola,Okeke,Female,1975-06-06,Kano,customer57@email.com,8092558242,Unemployed,2024-03-18,Active
CUST0058,Uche,Sule,Male,1987-01-30,Ogun,customer58@email.com,8015820356,Retired,2020-07-31,Inactive
CUST0059,Chidi,Nnamdi,Male,1971-11-12,Lagos,customer59@email.com,8098436473,Retired,2020-06-21,Active
CUST0060,Bola,Okonkwo,Male,1996-03-15,Lagos,customer60@email.com,8079987997,Student,2018-01-30,Active
CUST0061,Ibrahim,Dike,Male,1961-12-12,Oyo,customer61@email.com,8050484137,Employed,2018-10-18,Active
CUST0062,Uche,Obi,Female,1992-09-24,Lagos,customer62@email.com,8071477426,Retired,2018-08-30,Active
CUST0063,Ngozi,Dike,Male,1980-08-10,Ogun,customer63@email.com,8096347724,Employed,2020-07-26,Active
CUST0064,Sola,Balogun,Male,1984-01-20,Oyo,customer64@email.com,8014180968,Student,2018-10-04,Active
CUST0065,Bola,Ogundele,Male,1965-08-07,Oyo,customer65@email.com,8018163847,Self-Employed,2018-05-09,Inactive
CUST0066,Kemi,Aliyu,Female,1976-12-23,Enugu,customer66@email.com,8074287863,Unemployed,2021-09-15,Active
CUST0067,Ada,Olawale,Male,1963-07-15,Kano,customer67@email.com,8063904155,Retired,2018-10-18,Active
CUST0068,Emeka,Adeola,Female,1984-10-05,Rivers,customer68@email.com,8067213476,Student,2023-10-07,Active
CUST0069,Musa,Okonkwo,Female,1973-02-24,Enugu,customer69@email.com,8024490391,Employed,2020-09-01,Active
CUST0070,Ngozi,Dike,Female,1997-03-15,Kano,customer70@email.com,8075802771,Retired,2021-02-14,Active
CUST0071,Tunde,Yusuf,Female,1988-03-13,Kano,customer71@email.com,8069533928,Employed,2023-06-12,Active
CUST0072,Dayo,Yusuf,Female,1987-09-29,Kano,customer72@email.com,8019863756,Self-Employed,2020-05-27,Active
CUST0073,Yemi,Okonkwo,Female,1999-09-20,Abuja,customer73@email.com,8020843514,Retired,2024-01-18,Active
CUST0074,Fatima,Musa,Male,1998-08-27,Enugu,customer74@email.com,8053233116,Unemployed,2019-06-26,Active
CUST0075,Ngozi,Sule,Male,1976-03-22,Rivers,customer75@email.com,8091644298,Retired,2024-05-27,Active
CUST0076,Ngozi,Aliyu,Male,1985-11-24,Delta,customer76@email.com,8029909029,Unemployed,2024-06-18,Inactive
CUST0077,Chidi,Ogundele,Male,1968-08-16,Kano,customer77@email.com,8018815720,Employed,2023-04-21,Active
CUST0078,Tunde,Balogun,Female,1991-08-09,Rivers,customer78@email.com,8026937148,Retired,2020-09-22,Active
CUST0079,Ada,Adeyemi,Male,1963-02-13,Delta,customer79@email.com,8046912022,Student,2023-04-22,Active
CUST0080,Ibrahim,Okeke,Male,1962-01-20,Ogun,customer80@email.com,8093794475,Student,2022-07-26,Active
CUST0081,Sola,Dike,Male,1989-08-30,Delta,customer81@email.com,8094970119,Self-Employed,2020-02-19,Active
CUST0082,Taiwo,Obi,Male,1970-03-22,Ogun,customer82@email.com,8088566318,Student,2019-01-22,Active
CUST0083,Sola,Eze,Male,1994-09-04,Lagos,customer83@email.com,8083599154,Self-Employed,2019-02-02,Active
CUST0084,Yemi,Ogundele,Male,1972-12-24,Delta,customer84@email.com,8053645651,Employed,2022-11-01,Active
CUST0085,Chisom,Obi,Male,1963-07-31,Ogun,customer85@email.com,8061124122,Unemployed,2021-12-22,Active
CUST0086,Ada,Obi,Female,1998-05-14,Kano,customer86@email.com,8090180577,Employed,2022-10-01,Active
CUST0087,Ade,Dike,Female,1970-06-11,Abuja,customer87@email.com,8081210133,Unemployed,2022-08-11,Active
CUST0088,Ibrahim,Okeke,Female,1998-11-13,Delta,customer88@email.com,8049580505,Unemployed,2023-03-28,Active
CUST0089,Chidi,Sule,Female,1964-07-12,Oyo,customer89@email.com,8070896652,Self-Employed,2018-08-10,Active
CUST0090,Kemi,Okeke,Male,1977-01-18,Ogun,customer90@email.com,8077853916,Student,2019-02-08,Active
CUST0091,Sola,Musa,Male,1972-06-20,Enugu,customer91@email.com,8091259008,Student,2018-09-06,Active
CUST0092,Bola,Nnamdi,Female,1980-05-03,Ogun,customer92@email.com,8067740376,Self-Employed,2022-07-08,Active
CUST0093,Zainab,Okonkwo,Female,1988-07-07,Delta,customer93@email.com,8023311507,Self-Employed,2021-10-21,Active
CUST0094,Sola,Adeola,Female,1997-06-01,Ogun,customer94@email.com,8025356396,Employed,2019-03-24,Active
CUST0095,Emeka,Adeyemi,Male,1976-05-13,Rivers,customer95@email.com,8097874085,Self-Employed,2020-10-15,Active
CUST0096,Kemi,Fashola,Male,1967-04-18,Enugu,customer96@email.com,8097364555,Student,2020-02-24,Active
CUST0097,Toyin,Lawal,Female,1976-08-09,Delta,customer97@email.com,8083998961,Self-Employed,2020-02-19,Active
CUST0098,Uche,Musa,Male,1975-12-08,Abuja,customer98@email.com,8038859907,Self-Employed,2024-01-06,Active
CUST0099,Yemi,Adeyemi,Female,1969-05-25,Rivers,customer99@email.com,8067723010,Unemployed,2023-01-12,Active
CUST0100,Ibrahim,Okonkwo,Male,1990-01-23,Enugu,customer100@email.com,8070606674,Self-Employed,2019-07-29,Active
CUST0101,Uche,Lawal,Male,1971-12-23,Oyo,customer101@email.com,8040667888,Employed,2022-09-25,Inactive
CUST0102,Toyin,Eze,Male,1991-06-25,Ogun,customer102@email.com,8065541117,Self-Employed,2020-01-22,Inactive
CUST0103,Chisom,Okonkwo,Female,1990-08-30,Ogun,customer103@email.com,8055490631,Retired,2021-02-14,Active
CUST0104,Kemi,Olawale,Male,1989-01-25,Lagos,customer104@email.com,8070867592,Retired,2023-03-10,Active
CUST0105,Ada,Aliyu,Male,1963-03-15,Enugu,customer105@email.com,8063516659,Unemployed,2020-10-20,Active
CUST0106,Zainab,Lawal,Male,1987-04-29,Ogun,customer106@email.com,8065833185,Unemployed,2018-11-05,Active
CUST0107,Tunde,Aliyu,Male,1988-06-25,Lagos,customer107@email.com,8022762205,Retired,2022-12-21,Active
CUST0108,Sola,Nnamdi,Female,1967-09-04,Lagos,customer108@email.com,8051949529,Unemployed,2024-03-04,Active
CUST0109,Emeka,Nwosu,Female,1983-12-17,Delta,customer109@email.com,8067279295,Unemployed,2019-02-06,Active
CUST0110,Uche,Yusuf,Female,1992-09-15,Ogun,customer110@email.com,8051946203,Student,2018-07-27,Active
CUST0111,Chidi,Eze,Male,1970-12-24,Rivers,customer111@email.com,8099269266,Student,2024-01-24,Active
CUST0112,Chisom,Ogundele,Female,1967-05-01,Oyo,customer112@email.com,8044210729,Self-Employed,2018-03-02,Active
CUST0113,Ade,Okeke,Female,1980-09-25,Rivers,customer113@email.com,8060237832,Retired,2019-01-18,Active
CUST0114,Tunde,Fashola,Female,1977-01-07,Rivers,customer114@email.com,8030486849,Employed,2020-08-26,Active
CUST0115,Yemi,Balogun,Female,1972-02-09,Ogun,customer115@email.com,8073655158,Retired,2019-11-13,Active
CUST0116,Uche,Olawale,Female,1988-09-15,Kano,customer116@email.com,8019010480,Retired,2022-07-23,Inactive
CUST0117,Taiwo,Olawale,Female,1990-11-13,Abuja,customer117@email.com,8022243983,Student,2023-06-13,Active
CUST0118,Ibrahim,Nwosu,Male,1984-12-25,Lagos,customer118@email.com,8021457410,Student,2023-05-26,Inactive
CUST0119,Toyin,Balogun,Male,1969-11-07,Ogun,customer119@email.com,8022513132,Unemployed,2020-05-25,Active
CUST0120,Ibrahim,Abubakar,Female,1990-09-16,Delta,customer120@email.com,8067965485,Employed,2022-07-01,Active
CUST0121,Kemi,Nwosu,Female,1974-07-19,Lagos,customer121@email.com,8022960658,Student,2018-08-29,Active
CUST0122,Fatima,Yusuf,Female,1997-10-22,Oyo,customer122@email.com,8060015814,Unemployed,2019-11-06,Active
CUST0123,Chisom,Okonkwo,Male,1994-06-19,Kano,customer123@email.com,8027463800,Employed,2022-04-02,Active
CUST0124,Fatima,Abubakar,Male,1994-10-22,Abuja,customer124@email.com,8084674816,Student,2018-01-09,Active
CUST0125,Uche,Yusuf,Male,1962-07-05,Ogun,customer125@email.com,8018050510,Retired,2022-05-19,Active
CUST0126,Ibrahim,Dike,Male,1970-04-10,Oyo,customer126@email.com,8088714010,Retired,2020-12-22,Active
CUST0127,Ada,Dike,Female,1996-11-11,Enugu,customer127@email.com,8085374852,Employed,2023-02-07,Active
CUST0128,Fatima,Eze,Male,1961-06-09,Kano,customer128@email.com,8085387867,Employed,2021-03-14,Active
CUST0129,Ade,Musa,Male,1996-02-10,Rivers,customer129@email.com,8054244334,Student,2022-09-29,Inactive
CUST0130,Amina,Yusuf,Female,1974-02-24,Kano,customer130@email.com,8099927658,Student,2024-03-26,Active
CUST0131,Tunde,Lawal,Female,1977-12-29,Oyo,customer131@email.com,8026405605,Employed,2023-06-17,Active
CUST0132,Uche,Nwosu,Female,1972-01-04,Ogun,customer132@email.com,8065137801,Employed,2019-09-27,Inactive
CUST0133,Ada,Abubakar,Male,1962-12-20,Kano,customer133@email.com,8057459130,Unemployed,2020-02-17,Inactive
CUST0134,Bola,Olawale,Female,1969-06-18,Ogun,customer134@email.com,8099300492,Unemployed,2021-04-30,Inactive
CUST0135,Toyin,Nwosu,Female,2000-12-16,Delta,customer135@email.com,8066765623,Unemployed,2020-06-10,Inactive
CUST0136,Zainab,Yusuf,Male,1985-06-10,Ogun,customer136@email.com,8016904975,Retired,2018-08-28,Inactive
CUST0137,Fatima,Adeyemi,Female,1999-04-24,Oyo,customer137@email.com,8048604965,Retired,2024-06-30,Active
CUST0138,Ada,Fashola,Female,1992-03-15,Abuja,customer138@email.com,8090585678,Unemployed,2024-01-30,Active
CUST0139,Ade,Adeola,Female,1974-02-11,Delta,customer139@email.com,8051936181,Unemployed,2018-09-07,Active
CUST0140,Chidi,Sule,Female,1969-07-15,Abuja,customer140@email.com,8057197152,Employed,2021-07-08,Active
CUST0141,Fatima,Fashola,Female,1989-05-26,Kano,customer141@email.com,8023905032,Retired,2018-08-23,Active
CUST0142,Fatima,Musa,Male,1982-05-24,Rivers,customer142@email.com,8087566910,Unemployed,2018-07-25,Active
CUST0143,Tunde,Chukwu,Male,1977-09-30,Enugu,customer143@email.com,8078103759,Self-Employed,2023-05-07,Active
CUST0144,Uche,Obi,Female,1999-09-07,Oyo,customer144@email.com,8038553319,Student,2023-08-22,Active
CUST0145,Zainab,Okonkwo,Female,1988-11-01,Abuja,customer145@email.com,8030767532,Unemployed,2023-12-16,Active
CUST0146,Toyin,Sule,Female,1980-07-31,Enugu,customer146@email.com,8098145654,Retired,2019-10-07,Active
CUST0147,Ibrahim,Nnamdi,Female,1966-05-29,Lagos,customer147@email.com,8074718365,Unemployed,2018-08-21,Active
CUST0148,Dayo,Nwosu,Female,1971-11-18,Ogun,customer148@email.com,8040097636,Self-Employed,2023-09-12,Active
CUST0149,Dayo,Sule,Male,1966-04-06,Abuja,customer149@email.com,8024524825,Employed,2018-11-25,Active
CUST0150,Dayo,Fashola,Female,1971-01-23,Delta,customer150@email.com,8056991504,Retired,2020-02-01,Active
CUST0151,Tunde,Ogundele,Male,1993-06-01,Oyo,customer151@email.com,8084660688,Employed,2018-10-08,Active
CUST0152,Chisom,Aliyu,Female,1985-03-07,Ogun,customer152@email.com,8059333209,Student,2018-10-06,Active
CUST0153,Musa,Sule,Female,1984-03-05,Enugu,customer153@email.com,8025419645,Employed,2020-08-21,Active
CUST0154,Bola,Balogun,Female,1971-10-14,Oyo,customer154@email.com,8047388792,Unemployed,2022-07-12,Inactive
CUST0155,Taiwo,Chukwu,Male,1993-07-05,Abuja,customer155@email.com,8087054398,Self-Employed,2019-05-07,Active
CUST0156,Fatima,Okeke,Female,1986-03-22,Rivers,customer156@email.com,8040354559,Employed,2024-05-22,Active
CUST0157,Chisom,Olawale,Male,1979-03-21,Delta,customer157@email.com,8067594492,Self-Employed,2020-10-05,Active
CUST0158,Toyin,Adeola,Female,2000-04-09,Lagos,customer158@email.com,8085291541,Retired,2024-06-29,Active
CUST0159,Ibrahim,Nnamdi,Female,1986-03-05,Oyo,customer159@email.com,8093446356,Retired,2018-06-12,Active
CUST0160,Taiwo,Ogundele,Male,1977-11-30,Rivers,customer160@email.com,8092352411,Unemployed,2018-12-02,Active
CUST0161,Ngozi,Sule,Male,1976-03-27,Abuja,customer161@email.com,8096261621,Unemployed,2022-09-14,Active
CUST0162,Fatima,Yusuf,Female,1969-11-02,Delta,customer162@email.com,8084724345,Unemployed,2024-05-04,Active
CUST0163,Ngozi,Okeke,Female,1966-03-16,Ogun,customer163@email.com,8013523729,Self-Employed,2023-11-12,Active
CUST0164,Tunde,Obi,Female,1982-11-09,Enugu,customer164@email.com,8091737913,Student,2021-07-19,Active
CUST0165,Amina,Lawal,Male,1982-02-19,Abuja,customer165@email.com,8098292612,Student,2020-12-04,Active
CUST0166,Chidi,Musa,Male,1964-01-29,Kano,customer166@email.com,8045896226,Student,2020-04-16,Active
CUST0167,Emeka,Okeke,Female,1993-11-25,Lagos,customer167@email.com,8013886030,Retired,2021-07-10,Active
CUST0168,Ngozi,Ogundele,Male,1962-02-10,Lagos,customer168@email.com,8034215035,Retired,2020-09-04,Active
CUST0169,Musa,Lawal,Female,1998-08-17,Ogun,customer169@email.com,8046677730,Student,2020-12-23,Active
CUST0170,Toyin,Ogundele,Female,1964-12-01,Delta,customer170@email.com,8051471222,Unemployed,2022-06-10,Active
CUST0171,Taiwo,Yusuf,Female,1966-11-09,Abuja,customer171@email.com,8055610493,Employed,2019-06-21,Inactive
CUST0172,Dayo,Olawale,Male,1988-02-23,Abuja,customer172@email.com,8057113566,Student,2021-05-13,Active
CUST0173,Uche,Dike,Male,1967-03-06,Rivers,customer173@email.com,8010819505,Employed,2023-02-16,Inactive
CUST0174,Zainab,Obi,Male,1995-07-13,Kano,customer174@email.com,8034347841,Student,2021-07-19,Active
CUST0175,Tunde,Okonkwo,Male,1990-07-11,Enugu,customer175@email.com,8029226889,Employed,2018-10-25,Active
CUST0176,Ada,Nnamdi,Female,1978-12-08,Delta,customer176@email.com,8086010330,Unemployed,2018-02-08,Active
CUST0177,Musa,Obi,Male,1986-10-02,Oyo,customer177@email.com,8098227303,Retired,2023-02-21,Active
CUST0178,Ada,Balogun,Female,1962-11-06,Enugu,customer178@email.com,8063792364,Student,2024-04-25,Active
CUST0179,Ngozi,Nnamdi,Male,1977-04-05,Kano,customer179@email.com,8019339597,Student,2019-02-14,Active
CUST0180,Amina,Eze,Male,1977-02-12,Enugu,customer180@email.com,8029042093,Unemployed,2018-10-28,Active
CUST0181,Chidi,Fashola,Male,1986-09-24,Abuja,customer181@email.com,8094982908,Self-Employed,2024-01-12,Active
CUST0182,Kemi,Okeke,Female,1980-12-29,Delta,customer182@email.com,8014114726,Student,2020-05-23,Active
CUST0183,Uche,Obi,Male,1983-09-26,Enugu,customer183@email.com,8022315507,Employed,2023-09-04,Active
CUST0184,Ngozi,Okeke,Male,1971-04-12,Ogun,customer184@email.com,8081200181,Unemployed,2020-12-22,Active
CUST0185,Bola,Olawale,Female,1984-10-25,Lagos,customer185@email.com,8038874646,Self-Employed,2019-06-27,Active
CUST0186,Chisom,Okeke,Female,1998-08-12,Oyo,customer186@email.com,8060491958,Student,2021-11-30,Active
CUST0187,Dayo,Adeola,Female,1960-07-07,Rivers,customer187@email.com,8066348963,Student,2018-10-09,Active
CUST0188,Emeka,Okonkwo,Female,1990-07-07,Delta,customer188@email.com,8070887307,Retired,2020-09-27,Active
CUST0189,Ade,Chukwu,Female,1992-04-30,Delta,customer189@email.com,8055754284,Self-Employed,2022-02-22,Active
CUST0190,Ngozi,Eze,Female,1965-02-19,Rivers,customer190@email.com,8031127115,Unemployed,2021-03-13,Active
CUST0191,Kemi,Musa,Male,1990-07-31,Oyo,customer191@email.com,8059667685,Employed,2019-10-09,Active
CUST0192,Dayo,Lawal,Female,1999-09-09,Abuja,customer192@email.com,8051827259,Student,2022-11-30,Active
CUST0193,Amina,Sule,Male,1984-02-01,Oyo,customer193@email.com,8053537934,Unemployed,2024-02-04,Active
CUST0194,Dayo,Nnamdi,Female,1993-09-06,Oyo,customer194@email.com,8086181117,Retired,2021-05-24,Inactive
CUST0195,Chisom,Adeola,Male,1971-12-20,Lagos,customer195@email.com,8090023800,Student,2023-12-07,Active
CUST0196,Ade,Lawal,Male,1994-06-23,Enugu,customer196@email.com,8021402740,Self-Employed,2018-02-02,Active
CUST0197,Toyin,Nnamdi,Male,1988-10-01,Ogun,customer197@email.com,8017061037,Unemployed,2024-03-21,Active
CUST0198,Ibrahim,Nnamdi,Female,1975-04-05,Rivers,customer198@email.com,8030881581,Employed,2021-05-11,Active
CUST0199,Dayo,Ogundele,Female,1965-01-01,Abuja,customer199@email.com,8031127198,Retired,2019-03-01,Active
CUST0200,Toyin,Okonkwo,Female,1973-03-01,Delta,customer200@email.com,8092924837,Unemployed,2019-07-05,Active
