LoanID,CustomerID,LoanType,LoanAmount,InterestRate,TermMonths,DisbursementDate,MaturityDate,LoanStatus,CollateralType,ApprovedBy
LN00001,CUST0139,Education,4192636.87,11.1,36,2023-01-12,2025-12-27,Active,Guarantor,OFFICER08
LN00002,CUST0084,Mortgage,179027.56,24.75,60,2020-06-19,2025-05-24,Defaulted,Property,OFFICER09
LN00003,CUST0083,Micro,3114676.39,11.98,60,2022-02-05,2027-01-10,Active,Property,OFFICER05
LN00004,CUST0056,Micro,1628093.85,17.72,24,2020-01-31,2022-01-20,Closed,Vehicle,OFFICER04
LN00005,CUST0181,Personal,6323067.4,8.11,36,2021-09-28,2024-09-12,Closed,,OFFICER07
LN00006,CUST0164,Auto,6856372.8,23.51,48,2020-07-30,2024-07-09,Restructured,Vehicle,OFFICER02
LN00007,CUST0098,Micro,4318524.45,24.14,24,2020-06-30,2022-06-20,Closed,Vehicle,OFFICER05
LN00008,CUST0121,Personal,1262381.51,26.11,60,2019-06-20,2024-05-24,Restructured,Fixed Deposit,OFFICER03
LN00009,CUST0126,Auto,1337809.37,23.45,12,2024-02-14,2025-02-08,Closed,Fixed Deposit,OFFICER05
LN00010,CUST0080,Education,2854876.37,8.88,48,2021-07-10,2025-06-19,Restructured,,OFFICER05
LN00011,CUST0140,Business,7261329.67,11.65,60,2024-02-25,2029-01-29,Defaulted,,OFFICER03
LN00012,CUST0090,Business,8080886.63,14.8,48,2022-10-07,2026-09-16,Closed,Property,OFFICER07
LN00013,CUST0133,Auto,8647770.49,21.66,6,2019-06-23,2019-12-20,Active,,OFFICER01
LN00014,CUST0045,Personal,3727197.02,24.91,18,2023-07-08,2024-12-29,Active,,OFFICER08
LN00015,CUST0128,Auto,9705785.52,12.57,18,2022-09-26,2024-03-19,Closed,Property,OFFICER09
LN00016,CUST0024,Auto,678093.67,16.89,6,2024-02-14,2024-08-12,Active,,OFFICER02
LN00017,CUST0181,Micro,4498428.17,22.02,36,2020-10-14,2023-09-29,Defaulted,Vehicle,OFFICER10
LN00018,CUST0098,Auto,4199155.76,26.23,18,2023-10-31,2025-04-23,Restructured,Property,OFFICER08
LN00019,CUST0037,Auto,2134087.09,10.03,24,2021-11-08,2023-10-29,Active,,OFFICER06
LN00020,CUST0066,Personal,3295696.14,10.78,60,2024-01-09,2028-12-13,Closed,Guarantor,OFFICER05
LN00021,CUST0189,Auto,2372711.58,22.81,24,2019-08-21,2021-08-10,Restructured,Vehicle,OFFICER04
LN00022,CUST0052,Business,8725144.11,26.93,36,2019-02-17,2022-02-01,Closed,,OFFICER08
LN00023,CUST0137,Business,3159743.56,19.26,12,2023-07-19,2024-07-13,Restructured,Fixed Deposit,OFFICER04
LN00024,CUST0187,Mortgage,9161592.22,16.76,18,2019-09-21,2021-03-14,Active,Fixed Deposit,OFFICER05
LN00025,CUST0080,Business,9726652.33,15.33,48,2023-07-10,2027-06-19,Active,Guarantor,OFFICER08
LN00026,CUST0108,Business,7878721.08,21.98,18,2023-04-10,2024-10-01,Restructured,Fixed Deposit,OFFICER07
LN00027,CUST0057,Business,5572207.69,8.41,48,2019-08-08,2023-07-18,Defaulted,,OFFICER05
LN00028,CUST0115,Auto,5793336.99,18.5,36,2020-05-12,2023-04-27,Defaulted,Guarantor,OFFICER03
LN00029,CUST0022,Mortgage,3344054.17,21.88,36,2019-06-02,2022-05-17,Restructured,Fixed Deposit,OFFICER08
LN00030,CUST0024,Mortgage,1984058.83,20.7,12,2019-12-29,2020-12-23,Defaulted,Vehicle,OFFICER04
LN00031,CUST0165,Mortgage,1314971.83,10.13,18,2021-02-03,2022-07-28,Defaulted,,OFFICER08
LN00032,CUST0177,Education,3252235.88,17.47,48,2019-05-14,2023-04-23,Defaulted,Vehicle,OFFICER03
LN00033,CUST0191,Micro,6345183.23,13.58,48,2019-11-12,2023-10-22,Closed,,OFFICER01
LN00034,CUST0111,Education,9712800.04,19.15,18,2022-03-17,2023-09-08,Defaulted,Vehicle,OFFICER04
LN00035,CUST0100,Education,2327820.68,16.45,24,2023-06-30,2025-06-19,Closed,Property,OFFICER08
LN00036,CUST0026,Education,5948706.09,9.3,12,2020-04-30,2021-04-25,Closed,Guarantor,OFFICER07
LN00037,CUST0200,Mortgage,2408327.87,13.26,36,2023-05-15,2026-04-29,Active,Property,OFFICER04
LN00038,CUST0094,Personal,8205587.0,26.97,24,2019-06-28,2021-06-17,Restructured,Fixed Deposit,OFFICER09
LN00039,CUST0022,Auto,4911449.8,15.15,18,2023-11-04,2025-04-27,Restructured,Vehicle,OFFICER09
LN00040,CUST0046,Business,4724037.79,16.03,24,2019-06-04,2021-05-24,Defaulted,,OFFICER03
LN00041,CUST0167,Personal,243003.04,26.39,18,2019-01-20,2020-07-13,Defaulted,Fixed Deposit,OFFICER02
LN00042,CUST0037,Mortgage,5134056.64,26.13,60,2023-01-20,2027-12-25,Defaulted,,OFFICER05
LN00043,CUST0153,Personal,1001047.46,25.51,18,2019-01-28,2020-07-21,Restructured,,OFFICER06
LN00044,CUST0162,Micro,7514413.61,10.42,12,2023-02-17,2024-02-12,Restructured,Property,OFFICER09
LN00045,CUST0049,Mortgage,6254889.62,11.24,60,2023-07-11,2028-06-14,Active,Property,OFFICER05
LN00046,CUST0124,Personal,859011.3,19.41,48,2020-11-29,2024-11-08,Defaulted,Vehicle,OFFICER02
LN00047,CUST0088,Education,4934857.75,21.29,60,2023-11-18,2028-10-22,Defaulted,Property,OFFICER05
LN00048,CUST0029,Micro,6045867.78,16.92,24,2024-02-05,2026-01-25,Active,Fixed Deposit,OFFICER09
LN00049,CUST0120,Education,8914560.2,27.93,48,2022-06-18,2026-05-28,Closed,Fixed Deposit,OFFICER05
LN00050,CUST0009,Personal,9584813.82,15.47,36,2019-05-25,2022-05-09,Closed,Property,OFFICER07
LN00051,CUST0187,Business,2696772.83,13.26,24,2019-11-16,2021-11-05,Closed,Guarantor,OFFICER01
LN00052,CUST0154,Personal,4522375.0,9.34,18,2022-04-08,2023-09-30,Closed,Vehicle,OFFICER02
LN00053,CUST0038,Education,7785460.52,23.8,24,2022-07-06,2024-06-25,Restructured,,OFFICER10
LN00054,CUST0043,Business,7923251.71,11.71,6,2023-11-20,2024-05-18,Closed,Vehicle,OFFICER02
LN00055,CUST0064,Auto,2798293.14,16.27,36,2021-08-01,2024-07-16,Active,Guarantor,OFFICER04
LN00056,CUST0114,Mortgage,1473679.42,19.19,18,2022-07-16,2024-01-07,Defaulted,Guarantor,OFFICER05
LN00057,CUST0190,Business,8485339.19,12.64,12,2023-11-24,2024-11-18,Restructured,,OFFICER05
LN00058,CUST0069,Mortgage,637261.47,10.95,18,2020-11-08,2022-05-02,Restructured,Fixed Deposit,OFFICER04
LN00059,CUST0191,Auto,2503526.89,10.66,18,2023-05-29,2024-11-19,Restructured,Guarantor,OFFICER09
LN00060,CUST0185,Business,6349044.72,22.03,48,2022-09-23,2026-09-02,Defaulted,Property,OFFICER10
LN00061,CUST0071,Mortgage,3305783.06,8.22,24,2019-08-05,2021-07-25,Defaulted,Property,OFFICER10
LN00062,CUST0041,Mortgage,8257125.96,9.2,24,2022-06-08,2024-05-28,Active,Property,OFFICER09
LN00063,CUST0129,Auto,4851403.56,23.76,60,2019-09-07,2024-08-11,Closed,Fixed Deposit,OFFICER03
LN00064,CUST0079,Business,1503895.95,10.26,36,2019-04-26,2022-04-10,Closed,Guarantor,OFFICER08
LN00065,CUST0031,Mortgage,2763937.79,21.32,60,2022-12-13,2027-11-17,Restructured,Fixed Deposit,OFFICER09
LN00066,CUST0059,Education,3234354.91,19.71,48,2019-10-12,2023-09-21,Active,,OFFICER01
LN00067,CUST0013,Personal,9853581.46,8.18,12,2020-02-13,2021-02-07,Defaulted,Property,OFFICER03
LN00068,CUST0037,Mortgage,6067471.69,25.61,6,2024-02-24,2024-08-22,Active,Guarantor,OFFICER01
LN00069,CUST0039,Personal,5386286.17,10.74,18,2023-03-08,2024-08-29,Restructured,Fixed Deposit,OFFICER06
LN00070,CUST0132,Education,8250157.6,26.41,36,2024-03-12,2027-02-25,Restructured,Guarantor,OFFICER09
LN00071,CUST0088,Personal,6476123.7,25.21,60,2019-06-16,2024-05-20,Restructured,Guarantor,OFFICER07
LN00072,CUST0175,Education,9579370.67,24.02,48,2020-01-16,2023-12-26,Closed,Vehicle,OFFICER10
LN00073,CUST0014,Micro,5995992.52,11.77,12,2019-07-07,2020-07-01,Restructured,Vehicle,OFFICER06
LN00074,CUST0050,Micro,1247606.06,17.5,36,2023-01-10,2025-12-25,Restructured,Property,OFFICER01
LN00075,CUST0106,Mortgage,7347528.18,17.57,18,2019-07-07,2020-12-28,Active,,OFFICER08
LN00076,CUST0112,Business,7368174.07,9.98,36,2019-01-08,2021-12-23,Defaulted,,OFFICER04
LN00077,CUST0029,Education,1989683.66,15.76,48,2021-06-05,2025-05-15,Defaulted,Guarantor,OFFICER03
LN00078,CUST0193,Auto,7998542.56,20.67,60,2023-06-10,2028-05-14,Active,Property,OFFICER02
LN00079,CUST0012,Auto,2860439.77,18.83,48,2022-11-05,2026-10-15,Defaulted,,OFFICER05
LN00080,CUST0137,Mortgage,7917557.58,24.08,12,2020-04-22,2021-04-17,Closed,Fixed Deposit,OFFICER07
LN00081,CUST0082,Mortgage,4258763.69,10.92,60,2020-03-06,2025-02-08,Restructured,Vehicle,OFFICER05
LN00082,CUST0107,Personal,8194936.02,10.54,60,2019-04-13,2024-03-17,Restructured,,OFFICER05
LN00083,CUST0124,Mortgage,158594.45,18.2,36,2023-01-08,2025-12-23,Restructured,Vehicle,OFFICER10
LN00084,CUST0034,Education,2646829.4,25.22,12,2019-06-12,2020-06-06,Closed,Vehicle,OFFICER04
LN00085,CUST0187,Micro,1483393.03,9.36,60,2021-03-03,2026-02-05,Restructured,Guarantor,OFFICER07
LN00086,CUST0075,Personal,301572.76,18.27,60,2020-10-18,2025-09-22,Restructured,,OFFICER10
LN00087,CUST0029,Personal,6533767.91,27.75,12,2022-07-04,2023-06-29,Closed,Vehicle,OFFICER10
LN00088,CUST0021,Personal,7635617.61,19.32,60,2021-12-20,2026-11-24,Defaulted,Guarantor,OFFICER10
LN00089,CUST0047,Business,833161.24,12.94,48,2020-01-30,2024-01-09,Closed,,OFFICER06
LN00090,CUST0077,Mortgage,4676147.83,23.07,24,2021-09-01,2023-08-22,Closed,Property,OFFICER02
LN00091,CUST0113,Education,9102575.91,24.8,6,2023-08-02,2024-01-29,Defaulted,,OFFICER07
LN00092,CUST0163,Personal,1518766.69,15.23,60,2020-02-09,2025-01-13,Closed,Fixed Deposit,OFFICER08
LN00093,CUST0154,Auto,6277604.21,12.51,24,2022-12-21,2024-12-10,Defaulted,Fixed Deposit,OFFICER10
LN00094,CUST0024,Education,5574880.41,13.25,6,2021-10-11,2022-04-09,Restructured,Fixed Deposit,OFFICER04
LN00095,CUST0045,Business,5958758.4,9.19,36,2022-05-24,2025-05-08,Active,,OFFICER04
LN00096,CUST0126,Micro,7596692.59,16.64,36,2022-12-17,2025-12-01,Active,Fixed Deposit,OFFICER06
LN00097,CUST0113,Mortgage,1122061.48,25.41,6,2020-01-17,2020-07-15,Active,Property,OFFICER01
LN00098,CUST0015,Mortgage,2771842.96,23.61,36,2021-08-18,2024-08-02,Active,Guarantor,OFFICER06
LN00099,CUST0130,Education,2795697.03,8.55,6,2020-08-12,2021-02-08,Active,Guarantor,OFFICER06
LN00100,CUST0183,Mortgage,7077652.48,21.43,36,2023-02-07,2026-01-22,Closed,Fixed Deposit,OFFICER08
LN00101,CUST0188,Mortgage,4560668.17,26.62,6,2022-10-16,2023-04-14,Restructured,Fixed Deposit,OFFICER04
LN00102,CUST0129,Personal,1670865.88,15.82,18,2022-04-27,2023-10-19,Restructured,Vehicle,OFFICER09
LN00103,CUST0057,Business,1328930.04,20.13,36,2023-11-07,2026-10-22,Active,,OFFICER06
LN00104,CUST0124,Mortgage,9563250.32,25.34,48,2023-10-30,2027-10-09,Closed,Fixed Deposit,OFFICER08
LN00105,CUST0090,Business,1282953.68,22.97,12,2019-05-06,2020-04-30,Active,,OFFICER04
LN00106,CUST0150,Education,8683990.1,10.55,48,2021-06-25,2025-06-04,Active,Vehicle,OFFICER07
LN00107,CUST0137,Personal,5548122.47,20.3,12,2020-01-14,2021-01-08,Restructured,Property,OFFICER09
LN00108,CUST0123,Education,3719778.85,23.81,48,2021-11-05,2025-10-15,Closed,Vehicle,OFFICER01
LN00109,CUST0070,Education,3186923.88,25.77,48,2019-01-13,2022-12-23,Active,Fixed Deposit,OFFICER02
LN00110,CUST0198,Personal,7218987.41,20.92,60,2019-06-12,2024-05-16,Closed,Guarantor,OFFICER02
LN00111,CUST0091,Auto,5523764.83,23.11,18,2019-12-27,2021-06-19,Defaulted,Vehicle,OFFICER10
LN00112,CUST0184,Mortgage,6307458.87,11.15,24,2020-02-09,2022-01-29,Defaulted,,OFFICER03
LN00113,CUST0031,Mortgage,6480966.76,19.98,6,2020-06-23,2020-12-20,Defaulted,,OFFICER04
LN00114,CUST0108,Personal,3985600.1,13.75,18,2019-10-22,2021-04-14,Active,,OFFICER07
LN00115,CUST0073,Auto,3299774.13,23.46,48,2023-12-04,2027-11-13,Active,Vehicle,OFFICER01
LN00116,CUST0029,Mortgage,8368929.56,16.65,60,2022-01-15,2026-12-20,Closed,Property,OFFICER04
LN00117,CUST0128,Mortgage,393613.2,8.62,60,2022-03-24,2027-02-26,Defaulted,Vehicle,OFFICER08
LN00118,CUST0035,Mortgage,2864943.74,9.33,18,2020-01-23,2021-07-16,Defaulted,Guarantor,OFFICER07
LN00119,CUST0194,Education,5677888.05,9.7,36,2022-12-04,2025-11-18,Active,Property,OFFICER09
LN00120,CUST0200,Business,5706869.8,25.83,24,2019-09-11,2021-08-31,Active,Vehicle,OFFICER02
LN00121,CUST0177,Education,8838433.15,10.91,36,2022-12-10,2025-11-24,Active,Vehicle,OFFICER02
LN00122,CUST0074,Business,605798.88,20.83,48,2023-04-09,2027-03-19,Active,Guarantor,OFFICER09
LN00123,CUST0005,Auto,7186838.79,15.39,60,2019-06-05,2024-05-09,Active,,OFFICER08
LN00124,CUST0162,Mortgage,1362074.23,15.87,24,2020-01-21,2022-01-10,Closed,Fixed Deposit,OFFICER03
LN00125,CUST0029,Auto,685585.13,17.29,12,2020-01-19,2021-01-13,Closed,Vehicle,OFFICER04
LN00126,CUST0092,Mortgage,725551.8,24.14,36,2023-10-04,2026-09-18,Restructured,,OFFICER04
LN00127,CUST0143,Micro,1558120.76,26.34,18,2020-10-20,2022-04-13,Restructured,Guarantor,OFFICER04
LN00128,CUST0109,Personal,5251666.81,14.07,48,2023-03-29,2027-03-08,Active,Vehicle,OFFICER06
LN00129,CUST0046,Micro,9404221.75,18.71,24,2020-04-11,2022-04-01,Defaulted,Vehicle,OFFICER02
LN00130,CUST0081,Mortgage,2388385.29,14.54,48,2019-11-29,2023-11-08,Defaulted,Guarantor,OFFICER01
LN00131,CUST0169,Mortgage,7558862.68,14.16,60,2021-03-19,2026-02-21,Active,,OFFICER05
LN00132,CUST0071,Micro,9724578.37,26.97,6,2022-07-25,2023-01-21,Defaulted,,OFFICER01
LN00133,CUST0189,Education,3414672.59,18.23,12,2023-09-09,2024-09-03,Closed,Vehicle,OFFICER10
LN00134,CUST0085,Personal,4155785.8,15.72,48,2022-04-28,2026-04-07,Active,Vehicle,OFFICER07
LN00135,CUST0084,Personal,7520964.39,25.42,48,2020-08-30,2024-08-09,Restructured,Property,OFFICER02
LN00136,CUST0147,Auto,4949934.23,21.77,24,2022-05-16,2024-05-05,Defaulted,,OFFICER05
LN00137,CUST0089,Mortgage,5473858.24,21.9,12,2021-04-24,2022-04-19,Closed,Property,OFFICER10
LN00138,CUST0078,Personal,5270559.47,26.47,60,2021-11-03,2026-10-08,Active,Fixed Deposit,OFFICER08
LN00139,CUST0073,Business,6436096.15,20.1,48,2022-08-04,2026-07-14,Restructured,Fixed Deposit,OFFICER04
LN00140,CUST0066,Auto,3990102.17,21.22,60,2020-08-07,2025-07-12,Closed,Fixed Deposit,OFFICER02
LN00141,CUST0080,Education,1592090.89,19.48,12,2020-03-22,2021-03-17,Defaulted,,OFFICER06
LN00142,CUST0145,Auto,8237317.22,17.39,48,2021-05-23,2025-05-02,Active,Vehicle,OFFICER04
LN00143,CUST0042,Micro,8152923.31,9.82,6,2020-05-28,2020-11-24,Restructured,,OFFICER10
LN00144,CUST0044,Auto,4512556.55,17.79,60,2023-08-16,2028-07-20,Defaulted,,OFFICER02
LN00145,CUST0039,Education,1196729.02,14.85,36,2020-12-07,2023-11-22,Closed,Vehicle,OFFICER02
LN00146,CUST0039,Education,9118672.53,18.34,60,2023-02-15,2028-01-20,Restructured,Vehicle,OFFICER05
LN00147,CUST0175,Micro,2644509.18,20.63,6,2020-05-08,2020-11-04,Restructured,Vehicle,OFFICER10
LN00148,CUST0132,Auto,2430690.48,13.03,24,2021-12-22,2023-12-12,Defaulted,,OFFICER09
LN00149,CUST0124,Education,6465347.87,13.36,12,2019-01-15,2020-01-10,Defaulted,Property,OFFICER04
LN00150,CUST0181,Auto,5598961.55,13.43,6,2022-09-03,2023-03-02,Defaulted,Fixed Deposit,OFFICER01
LN00151,CUST0110,Micro,572206.86,13.78,48,2023-12-29,2027-12-08,Restructured,Property,OFFICER08
LN00152,CUST0153,Education,8436787.15,18.27,18,2022-10-31,2024-04-23,Restructured,Fixed Deposit,OFFICER05
LN00153,CUST0082,Business,2293922.7,14.26,12,2020-05-30,2021-05-25,Closed,,OFFICER09
LN00154,CUST0129,Education,471828.58,26.12,60,2020-07-30,2025-07-04,Defaulted,Property,OFFICER03
LN00155,CUST0043,Education,2229058.99,26.14,24,2023-03-25,2025-03-14,Defaulted,,OFFICER01
LN00156,CUST0029,Micro,2365023.22,19.32,18,2019-11-27,2021-05-20,Closed,Vehicle,OFFICER08
LN00157,CUST0022,Micro,1568675.92,14.97,60,2019-05-13,2024-04-16,Closed,Vehicle,OFFICER04
LN00158,CUST0131,Auto,8711307.23,14.13,12,2019-05-07,2020-05-01,Restructured,Fixed Deposit,OFFICER07
LN00159,CUST0061,Business,5030809.55,24.51,36,2019-05-09,2022-04-23,Closed,Fixed Deposit,OFFICER06
LN00160,CUST0167,Education,3263355.03,18.35,48,2021-10-08,2025-09-17,Closed,,OFFICER02
LN00161,CUST0155,Auto,7571832.62,16.23,6,2020-12-05,2021-06-03,Active,Fixed Deposit,OFFICER02
LN00162,CUST0125,Mortgage,6719116.88,13.28,60,2024-01-23,2028-12-27,Active,Fixed Deposit,OFFICER09
LN00163,CUST0011,Education,241594.53,16.48,12,2023-02-10,2024-02-05,Active,Fixed Deposit,OFFICER10
LN00164,CUST0044,Auto,7667089.92,21.18,6,2019-05-04,2019-10-31,Active,Vehicle,OFFICER04
LN00165,CUST0111,Mortgage,4947661.28,23.37,6,2022-06-23,2022-12-20,Closed,Fixed Deposit,OFFICER10
LN00166,CUST0032,Personal,6712938.63,25.81,6,2023-03-28,2023-09-24,Active,Vehicle,OFFICER05
LN00167,CUST0077,Mortgage,6986391.21,10.79,18,2023-08-02,2025-01-23,Restructured,,OFFICER01
LN00168,CUST0104,Personal,5522809.26,23.4,6,2021-05-30,2021-11-26,Closed,Guarantor,OFFICER07
LN00169,CUST0037,Education,449293.71,13.9,12,2019-06-13,2020-06-07,Closed,,OFFICER06
LN00170,CUST0089,Business,5917203.18,21.74,12,2022-10-12,2023-10-07,Active,Vehicle,OFFICER06
LN00171,CUST0139,Business,2127924.26,15.23,60,2023-04-15,2028-03-19,Defaulted,Guarantor,OFFICER08
LN00172,CUST0078,Personal,5848254.9,18.86,60,2024-01-15,2028-12-19,Defaulted,,OFFICER09
LN00173,CUST0134,Education,121166.12,14.42,48,2023-01-06,2026-12-16,Defaulted,Vehicle,OFFICER03
LN00174,CUST0055,Auto,7033150.9,23.96,6,2021-07-02,2021-12-29,Closed,Vehicle,OFFICER01
LN00175,CUST0150,Auto,5836753.0,19.63,6,2019-01-25,2019-07-24,Restructured,,OFFICER02
LN00176,CUST0113,Auto,3712776.39,11.47,18,2023-03-05,2024-08-26,Restructured,Property,OFFICER10
LN00177,CUST0032,Business,8990860.75,22.49,24,2022-10-13,2024-10-02,Restructured,,OFFICER01
LN00178,CUST0081,Business,1683582.83,25.52,6,2019-06-30,2019-12-27,Active,,OFFICER05
LN00179,CUST0157,Personal,2167144.39,20.77,24,2020-10-14,2022-10-04,Defaulted,Fixed Deposit,OFFICER04
LN00180,CUST0040,Business,5385488.33,12.11,18,2022-04-19,2023-10-11,Closed,,OFFICER03
LN00181,CUST0083,Auto,9156246.6,23.8,48,2023-04-29,2027-04-08,Restructured,,OFFICER03
LN00182,CUST0094,Mortgage,7455326.24,24.61,24,2024-02-20,2026-02-09,Active,Guarantor,OFFICER04
LN00183,CUST0174,Personal,2850100.63,11.66,6,2024-02-16,2024-08-14,Defaulted,,OFFICER01
LN00184,CUST0027,Mortgage,5584814.06,20.95,48,2021-01-10,2024-12-20,Closed,Guarantor,OFFICER03
LN00185,CUST0187,Auto,5133252.26,17.94,36,2022-11-30,2025-11-14,Restructured,Vehicle,OFFICER04
LN00186,CUST0064,Micro,1640640.05,12.91,18,2022-10-26,2024-04-18,Closed,Guarantor,OFFICER04
LN00187,CUST0187,Mortgage,2055779.87,17.69,18,2022-05-25,2023-11-16,Defaulted,Fixed Deposit,OFFICER04
LN00188,CUST0123,Auto,6095804.2,13.41,24,2022-10-20,2024-10-09,Active,,OFFICER03
LN00189,CUST0148,Education,3378133.12,19.36,18,2019-05-15,2020-11-05,Active,Vehicle,OFFICER05
LN00190,CUST0176,Micro,3304227.93,18.75,12,2022-03-11,2023-03-06,Active,Property,OFFICER08
LN00191,CUST0136,Mortgage,2640401.39,10.93,18,2020-06-21,2021-12-13,Defaulted,Fixed Deposit,OFFICER01
LN00192,CUST0158,Micro,1235718.22,20.12,24,2023-01-29,2025-01-18,Restructured,Fixed Deposit,OFFICER08
LN00193,CUST0018,Business,2889548.22,13.05,36,2023-09-16,2026-08-31,Closed,Property,OFFICER04
LN00194,CUST0002,Auto,336733.91,27.33,36,2020-10-15,2023-09-30,Restructured,,OFFICER10
LN00195,CUST0173,Mortgage,6053510.18,24.26,24,2021-07-12,2023-07-02,Restructured,Vehicle,OFFICER03
LN00196,CUST0011,Mortgage,6531515.75,27.68,48,2021-01-03,2024-12-13,Restructured,Property,OFFICER01
LN00197,CUST0171,Personal,5142460.82,8.07,36,2023-03-01,2026-02-13,Defaulted,Property,OFFICER02
LN00198,CUST0063,Mortgage,4086623.66,11.78,36,2023-07-19,2026-07-03,Restructured,Fixed Deposit,OFFICER04
LN00199,CUST0181,Auto,1889078.77,26.68,6,2021-09-10,2022-03-09,Closed,,OFFICER06
LN00200,CUST0041,Business,464517.88,26.56,48,2021-01-28,2025-01-07,Defaulted,,OFFICER05
LN00201,CUST0031,Auto,8056126.37,17.1,24,2021-10-20,2023-10-10,Restructured,Guarantor,OFFICER07
LN00202,CUST0043,Auto,7440993.41,27.82,6,2020-09-06,2021-03-05,Defaulted,Property,OFFICER03
LN00203,CUST0169,Auto,8748631.49,19.67,24,2023-04-13,2025-04-02,Closed,Property,OFFICER02
LN00204,CUST0073,Micro,2041419.22,13.54,18,2021-09-28,2023-03-22,Active,Property,OFFICER03
LN00205,CUST0182,Auto,5723559.41,19.35,18,2020-10-03,2022-03-27,Closed,Fixed Deposit,OFFICER08
LN00206,CUST0117,Business,7485366.72,11.98,6,2022-01-23,2022-07-22,Defaulted,Property,OFFICER07
LN00207,CUST0166,Mortgage,8337650.5,9.02,18,2023-03-06,2024-08-27,Restructured,Guarantor,OFFICER01
LN00208,CUST0096,Auto,6758353.01,16.55,48,2020-01-25,2024-01-04,Active,,OFFICER03
LN00209,CUST0141,Mortgage,8872188.93,27.63,24,2020-04-12,2022-04-02,Restructured,Fixed Deposit,OFFICER06
LN00210,CUST0058,Auto,8187709.91,19.91,60,2022-04-17,2027-03-22,Defaulted,Vehicle,OFFICER01
LN00211,CUST0021,Personal,3641336.3,17.53,60,2019-12-16,2024-11-19,Closed,Fixed Deposit,OFFICER09
LN00212,CUST0113,Mortgage,590957.17,15.74,24,2019-03-29,2021-03-18,Active,Property,OFFICER03
LN00213,CUST0181,Mortgage,6279870.45,10.39,60,2022-11-15,2027-10-20,Closed,Guarantor,OFFICER07
LN00214,CUST0031,Micro,5690123.6,11.62,36,2020-12-23,2023-12-08,Closed,Fixed Deposit,OFFICER02
LN00215,CUST0084,Personal,8849585.27,15.23,60,2021-04-19,2026-03-24,Restructured,Property,OFFICER02
LN00216,CUST0107,Business,2560709.14,24.03,6,2021-08-10,2022-02-06,Defaulted,,OFFICER03
LN00217,CUST0124,Business,5135438.86,9.09,24,2023-12-08,2025-11-27,Closed,Guarantor,OFFICER04
LN00218,CUST0032,Personal,3133520.58,24.94,48,2021-08-03,2025-07-13,Closed,Property,OFFICER02
LN00219,CUST0111,Business,2203414.37,13.55,36,2020-10-26,2023-10-11,Restructured,Fixed Deposit,OFFICER03
LN00220,CUST0094,Auto,1850145.51,18.97,36,2024-03-06,2027-02-19,Active,Guarantor,OFFICER07
LN00221,CUST0197,Auto,3372623.54,13.37,18,2023-06-19,2024-12-10,Active,Property,OFFICER02
LN00222,CUST0138,Micro,5020947.5,23.68,48,2023-09-30,2027-09-09,Defaulted,Fixed Deposit,OFFICER07
LN00223,CUST0181,Auto,7213423.93,26.51,24,2021-04-05,2023-03-26,Defaulted,Vehicle,OFFICER04
LN00224,CUST0196,Personal,7213694.29,21.73,6,2021-08-07,2022-02-03,Defaulted,Vehicle,OFFICER03
LN00225,CUST0133,Education,4605949.12,12.1,24,2023-11-15,2025-11-04,Defaulted,Property,OFFICER05
LN00226,CUST0030,Business,3938006.19,25.83,6,2024-01-16,2024-07-14,Active,Guarantor,OFFICER09
LN00227,CUST0089,Business,7550893.49,19.33,24,2021-08-09,2023-07-30,Active,Fixed Deposit,OFFICER09
LN00228,CUST0152,Education,9212148.56,8.2,60,2021-07-15,2026-06-19,Restructured,Guarantor,OFFICER09
LN00229,CUST0028,Education,4827746.96,14.75,6,2019-11-09,2020-05-07,Closed,Fixed Deposit,OFFICER10
LN00230,CUST0077,Auto,5987566.73,20.49,24,2019-10-18,2021-10-07,Closed,Vehicle,OFFICER10
LN00231,CUST0076,Personal,7960281.6,13.54,18,2023-02-20,2024-08-13,Closed,Vehicle,OFFICER06
LN00232,CUST0035,Auto,6686891.92,16.6,36,2023-03-18,2026-03-02,Defaulted,Property,OFFICER08
LN00233,CUST0004,Personal,9381360.49,12.61,6,2021-02-28,2021-08-27,Defaulted,Fixed Deposit,OFFICER03
LN00234,CUST0138,Business,822857.55,20.37,6,2021-05-09,2021-11-05,Restructured,,OFFICER10
LN00235,CUST0164,Business,1117252.82,19.41,12,2019-02-20,2020-02-15,Closed,Guarantor,OFFICER09
LN00236,CUST0187,Mortgage,52693.84,13.33,48,2023-11-24,2027-11-03,Restructured,Vehicle,OFFICER10
LN00237,CUST0117,Business,360439.37,19.05,60,2019-10-13,2024-09-16,Active,Fixed Deposit,OFFICER04
LN00238,CUST0037,Education,547779.0,24.82,48,2023-06-03,2027-05-13,Restructured,Guarantor,OFFICER08
LN00239,CUST0179,Mortgage,161558.49,11.03,48,2020-10-10,2024-09-19,Defaulted,,OFFICER07
LN00240,CUST0195,Personal,2778601.65,19.07,6,2021-02-20,2021-08-19,Restructured,,OFFICER03
LN00241,CUST0190,Personal,50094.32,14.33,24,2023-11-18,2025-11-07,Active,Guarantor,OFFICER10
LN00242,CUST0114,Mortgage,4478353.11,12.4,24,2022-07-18,2024-07-07,Defaulted,Fixed Deposit,OFFICER08
LN00243,CUST0178,Micro,7301044.88,24.11,48,2019-11-02,2023-10-12,Defaulted,Property,OFFICER05
LN00244,CUST0198,Micro,9614023.55,24.5,18,2021-03-29,2022-09-20,Active,Vehicle,OFFICER06
LN00245,CUST0178,Education,1017465.07,12.06,12,2021-01-18,2022-01-13,Restructured,Property,OFFICER05
LN00246,CUST0014,Business,3712095.16,20.33,36,2019-01-29,2022-01-13,Active,Fixed Deposit,OFFICER10
LN00247,CUST0027,Personal,6475432.55,27.09,24,2021-06-08,2023-05-29,Restructured,Property,OFFICER04
LN00248,CUST0061,Personal,9710854.97,9.82,6,2023-06-09,2023-12-06,Restructured,Fixed Deposit,OFFICER01
LN00249,CUST0079,Education,7431372.54,22.81,18,2023-08-02,2025-01-23,Restructured,,OFFICER04
LN00250,CUST0030,Mortgage,3759568.62,27.57,18,2022-09-17,2024-03-10,Closed,Property,OFFICER07
LN00251,CUST0199,Micro,2835787.87,13.39,36,2024-01-29,2027-01-13,Defaulted,Property,OFFICER05
LN00252,CUST0159,Education,6553578.43,17.73,60,2019-12-20,2024-11-23,Closed,,OFFICER07
LN00253,CUST0134,Business,3009825.78,9.91,48,2019-11-06,2023-10-16,Restructured,Property,OFFICER09
LN00254,CUST0193,Personal,398177.9,24.91,60,2022-04-29,2027-04-03,Defaulted,Property,OFFICER08
LN00255,CUST0065,Auto,1244761.34,12.42,24,2020-01-12,2022-01-01,Defaulted,,OFFICER02
LN00256,CUST0143,Auto,1461288.93,17.19,12,2020-03-20,2021-03-15,Active,,OFFICER10
LN00257,CUST0190,Business,4596430.11,11.31,36,2019-07-14,2022-06-28,Closed,Guarantor,OFFICER02
LN00258,CUST0017,Education,9325844.13,11.47,24,2019-02-03,2021-01-23,Defaulted,Property,OFFICER03
LN00259,CUST0121,Auto,9833666.48,12.41,6,2021-03-12,2021-09-08,Restructured,Property,OFFICER01
LN00260,CUST0160,Business,9149932.34,10.15,6,2021-08-25,2022-02-21,Defaulted,Vehicle,OFFICER04
LN00261,CUST0004,Education,1247233.96,12.78,48,2019-11-03,2023-10-13,Active,,OFFICER09
LN00262,CUST0179,Business,6385262.36,14.17,12,2020-07-08,2021-07-03,Closed,Fixed Deposit,OFFICER02
LN00263,CUST0084,Business,9526628.68,19.59,36,2020-11-21,2023-11-06,Active,,OFFICER09
LN00264,CUST0034,Business,7937987.13,19.99,60,2020-02-10,2025-01-14,Closed,Property,OFFICER08
LN00265,CUST0171,Personal,8808891.15,15.73,48,2019-02-14,2023-01-24,Restructured,,OFFICER07
LN00266,CUST0039,Education,9323829.6,12.27,60,2021-10-15,2026-09-19,Closed,,OFFICER10
LN00267,CUST0057,Education,1787083.83,10.01,6,2021-03-14,2021-09-10,Restructured,Guarantor,OFFICER03
LN00268,CUST0105,Personal,1170238.33,9.64,36,2019-11-21,2022-11-05,Active,,OFFICER01
LN00269,CUST0184,Auto,7261849.85,22.25,24,2020-09-13,2022-09-03,Restructured,Vehicle,OFFICER09
LN00270,CUST0098,Auto,4579683.55,16.85,6,2023-08-27,2024-02-23,Active,Property,OFFICER03
LN00271,CUST0182,Auto,8870078.06,22.78,36,2023-10-15,2026-09-29,Active,Guarantor,OFFICER09
LN00272,CUST0011,Education,6964439.84,15.69,12,2022-01-30,2023-01-25,Defaulted,Property,OFFICER04
LN00273,CUST0048,Personal,2767688.81,20.3,24,2020-07-22,2022-07-12,Restructured,Property,OFFICER03
LN00274,CUST0062,Micro,274461.53,15.6,18,2020-04-11,2021-10-03,Active,,OFFICER04
LN00275,CUST0090,Education,5654144.99,18.83,48,2020-01-25,2024-01-04,Defaulted,Vehicle,OFFICER01
LN00276,CUST0087,Micro,679674.25,13.43,36,2021-09-23,2024-09-07,Active,Vehicle,OFFICER09
LN00277,CUST0009,Micro,6933425.12,25.64,24,2022-05-27,2024-05-16,Restructured,Guarantor,OFFICER10
LN00278,CUST0150,Education,2193981.97,17.83,60,2023-01-22,2027-12-27,Closed,Guarantor,OFFICER09
LN00279,CUST0152,Education,4005512.41,23.79,36,2021-10-19,2024-10-03,Defaulted,Fixed Deposit,OFFICER02
LN00280,CUST0092,Personal,3805378.98,18.48,48,2021-06-05,2025-05-15,Active,Vehicle,OFFICER04
LN00281,CUST0017,Mortgage,419753.62,14.44,48,2021-06-10,2025-05-20,Closed,Guarantor,OFFICER09
LN00282,CUST0111,Auto,4353250.86,17.98,6,2023-10-11,2024-04-08,Restructured,Property,OFFICER09
LN00283,CUST0027,Business,4683730.75,20.31,18,2019-11-24,2021-05-17,Defaulted,Property,OFFICER02
LN00284,CUST0196,Micro,1791477.78,24.76,36,2021-09-25,2024-09-09,Closed,Property,OFFICER06
LN00285,CUST0125,Micro,182027.18,20.13,6,2022-09-25,2023-03-24,Closed,Guarantor,OFFICER09
LN00286,CUST0147,Auto,8979210.73,15.46,48,2019-05-03,2023-04-12,Active,Vehicle,OFFICER09
LN00287,CUST0004,Micro,6583269.77,22.07,36,2020-12-24,2023-12-09,Restructured,Property,OFFICER02
LN00288,CUST0077,Micro,9596317.38,20.02,24,2019-08-06,2021-07-26,Active,Property,OFFICER05
LN00289,CUST0181,Micro,8769939.47,21.98,12,2019-05-18,2020-05-12,Defaulted,Guarantor,OFFICER05
LN00290,CUST0077,Business,7113522.36,15.55,24,2020-10-24,2022-10-14,Closed,Guarantor,OFFICER06
LN00291,CUST0008,Mortgage,7202764.83,23.76,18,2022-12-16,2024-06-08,Restructured,Vehicle,OFFICER09
LN00292,CUST0135,Mortgage,2066851.38,12.14,60,2021-09-03,2026-08-08,Active,Guarantor,OFFICER03
LN00293,CUST0140,Mortgage,2709480.16,14.28,12,2022-05-29,2023-05-24,Active,,OFFICER03
LN00294,CUST0068,Personal,6728863.47,16.1,6,2020-08-15,2021-02-11,Closed,Vehicle,OFFICER01
LN00295,CUST0161,Education,9633736.6,12.98,18,2019-10-17,2021-04-09,Defaulted,,OFFICER07
LN00296,CUST0171,Auto,1921294.66,13.81,36,2020-04-26,2023-04-11,Closed,Guarantor,OFFICER08
LN00297,CUST0157,Business,6912268.24,12.62,18,2021-11-28,2023-05-22,Defaulted,Guarantor,OFFICER04
LN00298,CUST0082,Auto,8113021.58,20.01,24,2021-10-09,2023-09-29,Defaulted,Property,OFFICER03
LN00299,CUST0069,Mortgage,9958582.68,17.39,6,2023-07-04,2023-12-31,Restructured,,OFFICER04
LN00300,CUST0189,Personal,489024.89,8.49,48,2020-03-19,2024-02-27,Closed,,OFFICER02
