RepaymentID,LoanID,RepaymentDate,AmountPaid,PaymentMethod,RepaymentStatus,DaysOverdue,PenaltyCharged
REP000001,LN00156,2023-06-07,211848.32,Cheque,On-Time,3,0.0
REP000002,LN00188,2023-04-17,247106.1,Cash,Missed,0,4212.26
REP000003,LN00022,2020-10-26,324080.21,Cash,On-Time,0,0.0
REP000004,LN00217,2022-04-05,369871.89,Direct Debit,On-Time,0,0.0
REP000005,LN00165,2021-01-18,441840.64,Direct Debit,Missed,0,0.0
REP000006,LN00222,2023-01-18,113338.68,Bank Transfer,On-Time,96,0.0
REP000007,LN00097,2020-02-22,405079.71,Cheque,On-Time,158,0.0
REP000008,LN00050,2021-01-31,148472.18,Direct Debit,On-Time,0,0.0
REP000009,LN00083,2024-05-12,471239.68,Direct Debit,On-Time,0,0.0
REP000010,LN00255,2022-10-23,287666.64,Cash,Late,0,0.0
REP000011,LN00009,2021-04-22,134213.78,Cash,Late,0,0.0
REP000012,LN00230,2024-02-27,130678.64,Cheque,Late,175,0.0
REP000013,LN00235,2023-07-16,406327.91,Cheque,Late,0,0.0
REP000014,LN00233,2022-10-31,388590.82,Direct Debit,On-Time,97,0.0
REP000015,LN00208,2022-04-14,307550.36,Direct Debit,On-Time,0,4964.72
REP000016,LN00259,2022-07-08,363889.74,Cheque,On-Time,130,0.0
REP000017,LN00217,2022-12-11,94327.93,Cash,On-Time,0,3047.07
REP000018,LN00026,2019-10-14,226179.23,Cash,On-Time,0,0.0
REP000019,LN00050,2023-01-16,413310.18,Bank Transfer,On-Time,0,4798.69
REP000020,LN00223,2019-11-20,431004.05,Bank Transfer,On-Time,0,0.0
REP000021,LN00192,2021-01-01,222204.02,Cheque,On-Time,176,0.0
REP000022,LN00025,2021-05-11,97463.39,Cash,On-Time,0,416.51
REP000023,LN00207,2021-12-12,91293.63,Cash,Late,90,0.0
REP000024,LN00145,2022-12-04,39591.83,Direct Debit,On-Time,0,0.0
REP000025,LN00242,2022-06-22,32441.57,Bank Transfer,Late,0,0.0
REP000026,LN00132,2022-04-05,127012.23,Bank Transfer,On-Time,0,0.0
REP000027,LN00269,2021-12-24,451030.94,Cheque,On-Time,19,4135.76
REP000028,LN00195,2023-12-16,236912.95,Direct Debit,On-Time,0,0.0
REP000029,LN00018,2023-08-17,265865.03,Direct Debit,Late,0,0.0
REP000030,LN00190,2024-07-13,251361.95,Bank Transfer,On-Time,157,0.0
REP000031,LN00291,2019-08-13,60693.98,Direct Debit,On-Time,81,0.0
REP000032,LN00008,2023-04-24,247712.11,Direct Debit,On-Time,0,0.0
REP000033,LN00045,2023-02-01,448214.45,Cash,Late,0,4.1
REP000034,LN00107,2021-11-20,166804.0,Direct Debit,Late,0,0.0
REP000035,LN00114,2019-12-05,291891.39,Cheque,On-Time,0,0.0
REP000036,LN00035,2021-06-01,281364.56,Cheque,On-Time,49,0.0
REP000037,LN00275,2024-08-04,457915.48,Cheque,Missed,0,0.0
REP000038,LN00194,2020-06-01,125298.46,Cheque,On-Time,0,3584.48
REP000039,LN00226,2020-09-24,78873.59,Cash,On-Time,175,0.0
REP000040,LN00079,2024-06-07,407098.78,Cheque,Missed,0,0.0
REP000041,LN00026,2022-06-19,377610.75,Direct Debit,On-Time,0,3655.45
REP000042,LN00244,2021-08-31,53785.42,Cash,On-Time,115,0.0
REP000043,LN00181,2021-12-03,397650.65,Bank Transfer,On-Time,0,2305.43
REP000044,LN00173,2021-08-08,201580.19,Cheque,On-Time,0,0.0
REP000045,LN00144,2022-02-03,396339.94,Bank Transfer,On-Time,0,2641.77
REP000046,LN00148,2020-07-06,432174.19,Bank Transfer,On-Time,0,0.0
REP000047,LN00274,2022-06-09,276249.84,Bank Transfer,On-Time,0,3681.42
REP000048,LN00023,2023-09-23,90766.83,Direct Debit,On-Time,128,2030.3
REP000049,LN00053,2023-02-04,442268.88,Cash,On-Time,0,2465.04
REP000050,LN00229,2020-06-17,136329.23,Bank Transfer,Missed,66,0.0
REP000051,LN00151,2019-07-24,279333.96,Bank Transfer,On-Time,0,0.0
REP000052,LN00237,2024-08-25,305257.08,Cash,Late,160,3616.76
REP000053,LN00095,2022-11-12,470164.81,Cash,On-Time,0,835.24
REP000054,LN00141,2021-12-12,442988.58,Cheque,On-Time,180,0.0
REP000055,LN00153,2020-12-14,261718.88,Bank Transfer,On-Time,0,2613.23
REP000056,LN00141,2021-07-19,255428.12,Bank Transfer,On-Time,47,4066.09
REP000057,LN00014,2023-10-15,286616.05,Bank Transfer,Late,102,0.0
REP000058,LN00015,2019-11-07,177909.9,Bank Transfer,Late,0,0.0
REP000059,LN00199,2022-11-09,109239.94,Cheque,Late,110,0.0
REP000060,LN00266,2019-10-09,371290.65,Cheque,Late,0,0.0
REP000061,LN00114,2023-06-13,353951.68,Cheque,On-Time,0,583.89
REP000062,LN00192,2022-12-07,189235.48,Cheque,On-Time,0,3473.97
REP000063,LN00027,2023-02-19,259595.6,Direct Debit,On-Time,163,0.0
REP000064,LN00218,2021-12-31,96404.82,Direct Debit,On-Time,0,0.0
REP000065,LN00083,2022-03-10,320526.43,Bank Transfer,On-Time,0,0.0
REP000066,LN00045,2022-11-02,200201.15,Direct Debit,On-Time,0,0.0
REP000067,LN00114,2022-05-25,35136.1,Cash,Late,0,0.0
REP000068,LN00037,2022-03-05,419737.95,Cheque,Late,169,0.0
REP000069,LN00124,2021-07-27,376550.39,Bank Transfer,Late,0,0.0
REP000070,LN00240,2022-06-14,498785.11,Cash,On-Time,0,0.0
REP000071,LN00154,2020-04-03,385441.5,Cheque,On-Time,0,83.18
REP000072,LN00298,2024-03-21,104987.62,Direct Debit,Missed,0,3659.42
REP000073,LN00111,2022-11-29,142674.44,Cheque,On-Time,0,1884.35
REP000074,LN00015,2022-08-20,154541.25,Cash,On-Time,54,0.0
REP000075,LN00094,2024-07-18,461659.61,Direct Debit,On-Time,0,2669.33
REP000076,LN00052,2021-11-10,324476.39,Cheque,Late,0,3058.18
REP000077,LN00174,2022-04-01,408263.0,Bank Transfer,On-Time,0,0.0
REP000078,LN00219,2022-03-15,428316.89,Direct Debit,Missed,41,691.83
REP000079,LN00166,2023-06-11,289056.9,Bank Transfer,Late,0,0.0
REP000080,LN00012,2024-02-26,59193.02,Direct Debit,Late,0,0.0
REP000081,LN00141,2020-04-11,37872.18,Bank Transfer,Late,154,0.0
REP000082,LN00123,2024-02-09,418416.12,Direct Debit,On-Time,0,0.0
REP000083,LN00073,2024-02-03,85687.35,Cash,Missed,0,1717.14
REP000084,LN00181,2020-02-21,108975.45,Direct Debit,On-Time,82,0.0
REP000085,LN00185,2021-03-17,365339.1,Cheque,On-Time,0,0.0
REP000086,LN00139,2022-04-23,449777.17,Cash,On-Time,107,0.0
REP000087,LN00107,2022-08-25,434458.28,Direct Debit,Missed,60,0.0
REP000088,LN00300,2020-07-06,16306.09,Cheque,Missed,69,3690.87
REP000089,LN00232,2022-03-08,78861.61,Cash,Late,0,2896.66
REP000090,LN00234,2023-08-14,290708.28,Cheque,On-Time,48,0.0
REP000091,LN00286,2019-08-18,390714.15,Bank Transfer,On-Time,0,0.0
REP000092,LN00257,2023-11-06,366234.59,Cheque,Late,116,0.0
REP000093,LN00158,2023-01-08,295505.36,Cash,On-Time,128,0.0
REP000094,LN00038,2022-05-25,177382.54,Direct Debit,On-Time,122,0.0
REP000095,LN00019,2021-03-13,16894.82,Cash,On-Time,0,0.0
REP000096,LN00241,2023-03-27,154881.38,Cash,Late,0,1522.56
REP000097,LN00279,2022-05-09,241594.53,Direct Debit,On-Time,0,2870.47
REP000098,LN00260,2019-06-02,328608.58,Cash,On-Time,82,0.0
REP000099,LN00076,2021-08-25,368786.45,Direct Debit,On-Time,0,0.0
REP000100,LN00159,2023-01-08,100461.38,Bank Transfer,Late,0,0.0
REP000101,LN00268,2020-06-16,307979.69,Direct Debit,On-Time,0,2286.42
REP000102,LN00275,2023-03-29,102184.65,Cash,On-Time,0,0.0
REP000103,LN00222,2022-12-02,7431.68,Cash,Late,0,0.0
REP000104,LN00079,2023-11-09,210714.28,Cash,On-Time,44,0.0
REP000105,LN00220,2020-09-29,237697.82,Cash,On-Time,0,0.0
REP000106,LN00289,2021-06-25,109156.47,Bank Transfer,On-Time,0,1421.13
REP000107,LN00194,2019-09-15,298775.06,Bank Transfer,Late,0,0.0
REP000108,LN00165,2023-04-25,50999.97,Cheque,Late,41,967.71
REP000109,LN00143,2020-12-03,483870.23,Cash,On-Time,92,0.0
REP000110,LN00265,2024-05-13,76866.1,Cash,Missed,0,0.0
REP000111,LN00075,2019-08-01,28966.15,Cash,On-Time,0,0.0
REP000112,LN00059,2023-02-18,79711.2,Cash,On-Time,0,0.0
REP000113,LN00216,2024-06-06,80134.76,Cheque,Late,0,0.0
REP000114,LN00057,2024-04-12,107586.58,Cash,On-Time,0,2594.94
REP000115,LN00195,2021-06-08,63449.21,Direct Debit,On-Time,0,0.0
REP000116,LN00120,2023-08-26,344959.05,Direct Debit,On-Time,0,0.0
REP000117,LN00073,2021-08-08,351698.99,Bank Transfer,On-Time,146,2682.17
REP000118,LN00202,2021-07-20,232870.65,Bank Transfer,On-Time,0,0.0
REP000119,LN00043,2023-06-30,235943.64,Direct Debit,Late,40,1464.84
REP000120,LN00121,2022-11-20,331790.49,Direct Debit,On-Time,5,0.0
REP000121,LN00204,2021-04-10,31484.21,Direct Debit,On-Time,108,0.0
REP000122,LN00218,2023-04-05,304889.47,Cheque,On-Time,21,0.0
REP000123,LN00157,2021-12-22,374280.43,Cash,Late,103,0.0
REP000124,LN00194,2022-08-09,49172.11,Cheque,On-Time,90,0.0
REP000125,LN00201,2019-08-18,60791.24,Bank Transfer,On-Time,139,0.0
REP000126,LN00093,2019-08-02,204334.66,Cheque,Missed,22,0.0
REP000127,LN00090,2023-03-10,69103.73,Cheque,On-Time,0,0.0
REP000128,LN00007,2020-02-11,94449.95,Cheque,On-Time,37,0.0
REP000129,LN00264,2020-05-09,64873.61,Direct Debit,On-Time,155,591.34
REP000130,LN00227,2020-12-24,362226.99,Direct Debit,Late,35,157.0
REP000131,LN00040,2024-06-16,226013.05,Cash,On-Time,0,0.0
REP000132,LN00217,2022-06-14,362884.68,Direct Debit,Late,0,195.42
REP000133,LN00254,2020-05-26,332550.25,Cheque,Missed,0,0.0
REP000134,LN00130,2023-10-12,463137.67,Direct Debit,Late,8,0.0
REP000135,LN00032,2023-08-07,381176.23,Bank Transfer,On-Time,168,90.39
REP000136,LN00289,2021-05-02,466539.19,Direct Debit,On-Time,95,0.0
REP000137,LN00076,2024-03-11,102985.91,Cheque,Missed,0,0.0
REP000138,LN00139,2021-07-07,313372.14,Direct Debit,On-Time,0,1792.85
REP000139,LN00013,2020-12-01,366192.06,Bank Transfer,Late,147,0.0
REP000140,LN00118,2020-10-27,23326.4,Cheque,On-Time,0,0.0
REP000141,LN00284,2020-06-08,288082.5,Cash,On-Time,0,0.0
REP000142,LN00190,2024-08-26,218567.03,Bank Transfer,Late,41,0.0
REP000143,LN00048,2022-05-08,171970.03,Bank Transfer,Late,39,0.0
REP000144,LN00284,2021-08-14,270393.49,Bank Transfer,On-Time,0,4022.49
REP000145,LN00113,2021-12-30,331866.92,Cheque,Late,152,0.0
REP000146,LN00088,2022-09-28,230394.91,Direct Debit,On-Time,0,0.0
REP000147,LN00263,2021-08-16,439051.89,Bank Transfer,On-Time,74,2755.33
REP000148,LN00056,2020-07-06,406573.31,Cash,Late,30,0.0
REP000149,LN00237,2020-03-14,389441.13,Cash,Late,19,1309.56
REP000150,LN00217,2021-05-23,56296.64,Direct Debit,On-Time,83,4974.22
REP000151,LN00111,2024-01-18,383358.24,Bank Transfer,Missed,106,0.0
REP000152,LN00164,2023-12-26,144612.27,Cheque,On-Time,56,0.0
REP000153,LN00057,2022-11-04,54727.04,Direct Debit,Missed,11,72.84
REP000154,LN00058,2021-01-23,145802.96,Cash,Late,0,2235.39
REP000155,LN00260,2020-06-15,395969.31,Direct Debit,Late,0,0.0
REP000156,LN00219,2022-12-29,343105.65,Cash,On-Time,0,0.0
REP000157,LN00201,2020-10-18,314547.45,Direct Debit,On-Time,39,0.0
REP000158,LN00141,2022-12-20,74602.55,Cash,Late,0,0.0
REP000159,LN00093,2024-09-30,171892.03,Direct Debit,Late,0,0.0
REP000160,LN00238,2020-02-28,9327.37,Cash,Late,0,0.0
REP000161,LN00259,2023-03-31,334137.12,Bank Transfer,On-Time,152,0.0
REP000162,LN00154,2022-05-26,491082.0,Bank Transfer,On-Time,0,0.0
REP000163,LN00288,2023-07-24,79313.4,Bank Transfer,On-Time,82,3892.77
REP000164,LN00160,2022-08-23,146922.92,Bank Transfer,On-Time,0,0.0
REP000165,LN00275,2024-02-29,68759.67,Cheque,Late,0,0.0
REP000166,LN00007,2020-12-03,420795.73,Cheque,Late,0,4751.58
REP000167,LN00068,2023-11-03,297743.6,Cheque,Missed,0,0.0
REP000168,LN00033,2021-08-10,351809.72,Cash,On-Time,81,0.0
REP000169,LN00073,2024-01-26,186529.96,Bank Transfer,On-Time,171,0.0
REP000170,LN00210,2024-04-09,483999.79,Cheque,Late,0,0.0
REP000171,LN00156,2020-08-29,362179.23,Cash,Late,0,4893.74
REP000172,LN00250,2024-04-09,420624.8,Direct Debit,Missed,0,0.0
REP000173,LN00083,2024-09-08,37678.7,Cash,On-Time,0,1470.95
REP000174,LN00218,2020-07-03,372345.47,Cash,Late,0,0.0
REP000175,LN00041,2022-06-23,329302.41,Cash,Missed,0,0.0
REP000176,LN00184,2024-06-20,403654.27,Cash,Late,0,4569.9
REP000177,LN00210,2024-08-04,111235.99,Cash,On-Time,0,3268.14
REP000178,LN00203,2022-08-16,335140.53,Cash,Late,180,0.0
REP000179,LN00102,2024-08-26,300120.36,Cheque,On-Time,0,0.0
REP000180,LN00087,2019-12-29,68460.65,Bank Transfer,On-Time,0,4018.23
REP000181,LN00192,2021-04-27,348807.49,Direct Debit,On-Time,0,0.0
REP000182,LN00298,2021-09-07,250796.24,Cash,On-Time,0,0.0
REP000183,LN00088,2020-05-02,13458.83,Bank Transfer,On-Time,149,0.0
REP000184,LN00062,2020-11-15,53098.19,Cheque,Late,103,0.0
REP000185,LN00065,2019-11-11,484598.33,Direct Debit,On-Time,0,0.0
REP000186,LN00291,2023-04-02,63731.91,Cheque,On-Time,0,0.0
REP000187,LN00248,2023-03-25,141353.66,Bank Transfer,Late,60,0.0
REP000188,LN00059,2024-07-19,214811.75,Bank Transfer,On-Time,112,0.0
REP000189,LN00158,2021-04-02,182712.96,Cash,On-Time,0,1260.33
REP000190,LN00177,2020-06-17,166686.28,Direct Debit,On-Time,63,0.0
REP000191,LN00266,2022-05-27,186511.85,Bank Transfer,On-Time,0,1966.97
REP000192,LN00037,2023-09-07,156937.85,Direct Debit,Late,0,0.0
REP000193,LN00219,2021-04-22,462389.92,Cheque,On-Time,0,0.0
REP000194,LN00243,2023-06-19,109946.24,Cash,Missed,0,0.0
REP000195,LN00242,2024-08-22,18385.87,Cheque,On-Time,119,2004.35
REP000196,LN00028,2022-02-14,471048.77,Cheque,Late,172,824.17
REP000197,LN00214,2020-05-30,444610.64,Direct Debit,On-Time,40,1889.15
REP000198,LN00137,2024-07-15,390367.93,Bank Transfer,On-Time,166,630.23
REP000199,LN00140,2024-09-17,17694.55,Cash,On-Time,0,0.0
REP000200,LN00264,2021-05-04,495099.5,Cash,On-Time,0,0.0
REP000201,LN00038,2021-08-05,465441.69,Cheque,On-Time,105,0.0
REP000202,LN00015,2020-05-09,214117.6,Direct Debit,On-Time,45,684.64
REP000203,LN00293,2022-08-22,184102.18,Cheque,On-Time,160,3840.59
REP000204,LN00073,2020-05-17,85167.16,Bank Transfer,On-Time,76,0.0
REP000205,LN00028,2021-09-04,119249.36,Cash,On-Time,0,624.42
REP000206,LN00204,2024-09-19,249954.26,Cheque,Late,171,0.0
REP000207,LN00148,2022-09-19,34852.94,Direct Debit,On-Time,47,0.0
REP000208,LN00041,2020-08-27,301538.07,Cash,On-Time,11,3237.58
REP000209,LN00194,2024-04-13,35451.69,Cheque,On-Time,111,0.0
REP000210,LN00300,2023-04-23,360826.29,Direct Debit,Late,0,1293.1
REP000211,LN00012,2020-08-29,482177.04,Bank Transfer,On-Time,0,0.0
REP000212,LN00122,2021-05-04,218454.84,Bank Transfer,On-Time,97,1517.87
REP000213,LN00011,2022-05-20,431672.32,Cheque,Late,0,0.0
REP000214,LN00024,2022-10-28,16078.29,Cash,On-Time,20,1861.83
REP000215,LN00026,2023-10-18,117959.62,Direct Debit,Missed,0,0.0
REP000216,LN00226,2023-04-06,67608.97,Cash,Missed,86,0.0
REP000217,LN00229,2021-06-27,144292.4,Direct Debit,On-Time,0,0.0
REP000218,LN00149,2019-12-27,326796.66,Direct Debit,On-Time,0,4088.91
REP000219,LN00289,2020-08-31,451054.4,Direct Debit,On-Time,0,0.0
REP000220,LN00298,2024-03-28,174483.21,Cheque,On-Time,0,0.0
REP000221,LN00029,2024-09-06,134225.62,Direct Debit,On-Time,0,0.0
REP000222,LN00289,2022-03-30,432707.31,Direct Debit,On-Time,170,0.0
REP000223,LN00258,2020-01-04,414744.98,Direct Debit,On-Time,0,0.0
REP000224,LN00234,2022-07-21,343802.1,Bank Transfer,On-Time,0,0.0
REP000225,LN00217,2023-05-26,322810.29,Direct Debit,On-Time,0,0.0
REP000226,LN00158,2021-08-10,114809.27,Bank Transfer,On-Time,0,0.0
REP000227,LN00003,2021-06-26,356614.2,Cheque,On-Time,67,4309.26
REP000228,LN00274,2021-06-19,146300.62,Bank Transfer,On-Time,0,0.0
REP000229,LN00063,2019-07-23,128600.23,Cheque,On-Time,0,0.0
REP000230,LN00008,2024-09-30,66723.87,Direct Debit,Late,160,0.0
REP000231,LN00244,2023-01-13,309987.91,Direct Debit,Late,132,0.0
REP000232,LN00176,2022-02-27,454450.35,Direct Debit,On-Time,0,0.0
REP000233,LN00101,2022-04-28,205742.3,Bank Transfer,On-Time,7,0.0
REP000234,LN00125,2020-11-20,250711.58,Direct Debit,On-Time,166,4646.48
REP000235,LN00165,2021-07-31,457532.24,Direct Debit,On-Time,172,1184.14
REP000236,LN00252,2024-09-26,321720.15,Direct Debit,On-Time,0,715.93
REP000237,LN00158,2024-03-07,187440.22,Bank Transfer,On-Time,142,2473.27
REP000238,LN00004,2022-07-19,447056.05,Bank Transfer,On-Time,87,0.0
REP000239,LN00207,2021-03-26,157588.37,Bank Transfer,On-Time,0,0.0
REP000240,LN00101,2019-07-03,37116.78,Bank Transfer,Late,0,0.0
REP000241,LN00192,2022-11-01,224192.07,Direct Debit,On-Time,25,3087.43
REP000242,LN00150,2021-03-18,340148.89,Direct Debit,Late,0,0.0
REP000243,LN00219,2023-08-27,499029.57,Direct Debit,On-Time,0,1606.14
REP000244,LN00247,2022-02-23,189125.05,Bank Transfer,On-Time,50,0.0
REP000245,LN00179,2023-10-01,215459.2,Bank Transfer,Late,53,0.0
REP000246,LN00289,2023-03-24,90378.84,Bank Transfer,On-Time,0,0.0
REP000247,LN00273,2021-01-09,126818.28,Cheque,Late,0,0.0
REP000248,LN00276,2024-01-15,242387.89,Cheque,On-Time,0,699.72
REP000249,LN00265,2020-11-17,57680.39,Cheque,On-Time,0,507.02
REP000250,LN00205,2020-09-02,419201.25,Cheque,On-Time,0,0.0
REP000251,LN00118,2019-06-16,129294.28,Bank Transfer,On-Time,28,0.0
REP000252,LN00183,2020-07-02,219921.51,Bank Transfer,Missed,58,0.0
REP000253,LN00104,2021-02-17,59727.31,Bank Transfer,On-Time,0,0.0
REP000254,LN00266,2022-12-08,279695.99,Cheque,Late,0,0.0
REP000255,LN00023,2022-11-28,385732.65,Cheque,Late,0,0.0
REP000256,LN00182,2020-02-01,399643.23,Bank Transfer,Late,0,2645.47
REP000257,LN00243,2024-05-02,259520.6,Bank Transfer,On-Time,0,0.0
REP000258,LN00262,2023-03-15,24171.54,Bank Transfer,Late,0,0.0
REP000259,LN00192,2024-06-04,18189.48,Cash,Missed,168,0.0
REP000260,LN00173,2022-04-15,456176.6,Direct Debit,On-Time,0,0.0
REP000261,LN00033,2024-01-14,397302.31,Cash,Missed,138,0.0
REP000262,LN00088,2022-08-25,279152.46,Cheque,Late,11,0.0
REP000263,LN00070,2019-10-31,54686.71,Bank Transfer,On-Time,0,0.0
REP000264,LN00159,2024-08-10,202325.98,Cash,On-Time,12,0.0
REP000265,LN00103,2024-01-30,382904.9,Bank Transfer,On-Time,0,0.0
REP000266,LN00008,2020-01-18,49540.44,Direct Debit,On-Time,0,1487.82
REP000267,LN00042,2024-07-15,85127.81,Cash,On-Time,0,3659.0
REP000268,LN00300,2022-02-10,260558.56,Cash,Missed,0,1478.98
REP000269,LN00059,2022-10-09,274464.45,Direct Debit,On-Time,70,4220.52
REP000270,LN00245,2022-02-16,260841.7,Bank Transfer,Late,0,0.0
REP000271,LN00048,2020-05-03,407106.4,Bank Transfer,On-Time,147,0.0
REP000272,LN00065,2019-09-05,336746.26,Cheque,Late,137,4899.91
REP000273,LN00181,2020-07-12,226641.8,Cash,On-Time,58,0.0
REP000274,LN00045,2022-05-04,78325.41,Cheque,Late,41,0.0
REP000275,LN00073,2024-02-01,20088.62,Direct Debit,Missed,0,3015.17
REP000276,LN00083,2023-05-14,361297.34,Direct Debit,On-Time,17,0.0
REP000277,LN00102,2021-04-14,487229.58,Cash,On-Time,165,0.0
REP000278,LN00024,2022-09-04,353630.37,Cash,Missed,0,0.0
REP000279,LN00077,2020-09-26,234410.39,Cheque,Late,0,0.0
REP000280,LN00011,2020-12-03,101765.45,Cash,On-Time,22,0.0
REP000281,LN00224,2023-11-11,26013.06,Bank Transfer,On-Time,46,0.0
REP000282,LN00220,2019-08-17,229216.75,Bank Transfer,On-Time,0,0.0
REP000283,LN00040,2019-11-24,127018.99,Bank Transfer,On-Time,0,343.24
REP000284,LN00161,2024-02-12,233663.35,Direct Debit,On-Time,0,0.0
REP000285,LN00283,2021-06-15,118448.56,Bank Transfer,Late,0,2605.83
REP000286,LN00013,2020-08-04,44455.25,Cheque,On-Time,0,0.0
REP000287,LN00111,2021-08-16,28660.2,Cheque,On-Time,0,0.0
REP000288,LN00007,2021-02-19,435763.44,Direct Debit,Missed,0,2564.9
REP000289,LN00238,2019-11-28,183754.96,Bank Transfer,Late,0,0.0
REP000290,LN00072,2021-03-28,267693.6,Cash,Late,0,4060.43
REP000291,LN00281,2021-01-22,141396.16,Cash,On-Time,0,0.0
REP000292,LN00129,2021-12-16,153617.1,Cash,On-Time,39,0.0
REP000293,LN00290,2020-01-07,401508.19,Cheque,Missed,0,0.0
REP000294,LN00224,2021-03-31,91615.41,Cheque,On-Time,25,0.0
REP000295,LN00156,2024-01-20,353512.05,Bank Transfer,On-Time,45,0.0
REP000296,LN00029,2021-04-02,17271.12,Cash,On-Time,20,0.0
REP000297,LN00224,2020-07-19,284739.95,Bank Transfer,Late,96,0.0
REP000298,LN00128,2020-01-06,94954.3,Bank Transfer,Late,0,0.0
REP000299,LN00254,2020-08-17,268187.39,Cheque,On-Time,76,0.0
REP000300,LN00282,2023-07-02,266420.55,Cheque,Late,0,0.0
REP000301,LN00284,2020-05-21,180890.09,Cheque,On-Time,0,0.0
REP000302,LN00263,2021-06-19,215824.65,Cheque,On-Time,0,0.0
REP000303,LN00017,2022-11-20,217595.03,Cash,Late,131,0.0
REP000304,LN00266,2024-05-19,130611.52,Bank Transfer,Late,170,1063.53
REP000305,LN00109,2020-08-13,19693.6,Bank Transfer,On-Time,0,0.0
REP000306,LN00120,2023-12-31,64645.71,Bank Transfer,Late,0,0.0
REP000307,LN00183,2021-10-07,7706.01,Cheque,Late,29,3921.24
REP000308,LN00246,2022-01-30,103487.57,Cash,Late,0,0.0
REP000309,LN00229,2023-06-30,337170.13,Cash,On-Time,96,0.0
REP000310,LN00116,2024-02-27,436723.21,Bank Transfer,Late,0,1781.2
REP000311,LN00206,2024-09-28,104180.98,Bank Transfer,On-Time,0,0.0
REP000312,LN00022,2022-05-10,204277.03,Direct Debit,Late,138,0.0
REP000313,LN00283,2019-12-17,412179.8,Cash,On-Time,40,0.0
REP000314,LN00064,2020-09-30,460130.83,Bank Transfer,On-Time,0,0.0
REP000315,LN00286,2023-11-22,222540.74,Cheque,Missed,0,0.0
REP000316,LN00231,2021-10-20,130839.46,Cash,Late,0,0.0
REP000317,LN00077,2021-12-03,221550.06,Bank Transfer,Late,0,4667.58
REP000318,LN00103,2024-03-09,199843.91,Cheque,On-Time,112,0.0
REP000319,LN00016,2021-03-11,412480.57,Cash,On-Time,0,0.0
REP000320,LN00129,2019-09-02,44072.04,Cheque,On-Time,140,4934.68
REP000321,LN00166,2019-07-03,294647.86,Bank Transfer,On-Time,107,0.0
REP000322,LN00131,2022-11-23,264684.88,Bank Transfer,Missed,0,682.76
REP000323,LN00033,2020-11-26,416193.05,Cash,On-Time,138,0.0
REP000324,LN00188,2024-02-28,351241.24,Direct Debit,On-Time,128,0.0
REP000325,LN00146,2020-04-02,240126.68,Cheque,On-Time,0,0.0
REP000326,LN00229,2023-04-28,20881.89,Cheque,On-Time,103,1309.97
REP000327,LN00194,2024-04-05,490012.29,Direct Debit,Late,77,263.29
REP000328,LN00043,2023-01-08,204477.25,Cash,Late,3,0.0
REP000329,LN00064,2023-11-30,215653.95,Direct Debit,Late,27,0.0
REP000330,LN00158,2020-01-10,158747.64,Cheque,On-Time,0,0.0
REP000331,LN00080,2021-01-01,168514.21,Cheque,On-Time,0,0.0
REP000332,LN00225,2024-09-28,296710.53,Direct Debit,Missed,0,0.0
REP000333,LN00013,2023-09-24,378772.54,Cheque,On-Time,0,0.0
REP000334,LN00073,2023-11-09,398576.18,Cheque,On-Time,0,0.0
REP000335,LN00269,2019-11-26,30035.89,Bank Transfer,Missed,0,0.0
REP000336,LN00002,2019-08-12,296314.57,Direct Debit,Late,150,0.0
REP000337,LN00159,2023-10-07,334935.58,Cheque,On-Time,29,4163.3
REP000338,LN00135,2021-05-25,66540.09,Bank Transfer,On-Time,0,0.0
REP000339,LN00059,2020-05-29,129896.73,Cheque,On-Time,0,0.0
REP000340,LN00090,2021-12-22,14725.69,Cheque,Missed,0,0.0
REP000341,LN00144,2021-07-24,329276.08,Bank Transfer,Late,0,0.0
REP000342,LN00201,2022-11-12,294854.48,Cash,On-Time,136,0.0
REP000343,LN00166,2022-05-19,274219.6,Bank Transfer,Late,0,0.0
REP000344,LN00269,2024-09-23,471030.92,Cash,On-Time,84,0.0
REP000345,LN00041,2020-02-05,38632.63,Cheque,On-Time,0,0.0
REP000346,LN00014,2023-04-26,358876.87,Direct Debit,On-Time,0,0.0
REP000347,LN00071,2022-09-24,379857.18,Cash,Late,68,0.0
REP000348,LN00113,2022-05-08,429670.56,Cheque,On-Time,0,2573.0
REP000349,LN00218,2022-01-24,317381.91,Bank Transfer,Late,0,0.0
REP000350,LN00017,2022-07-24,138430.35,Cheque,On-Time,0,0.0
REP000351,LN00201,2019-10-02,6498.31,Cheque,On-Time,143,4196.86
REP000352,LN00136,2022-10-22,128398.81,Bank Transfer,On-Time,0,0.0
REP000353,LN00209,2023-07-10,498755.08,Direct Debit,On-Time,0,0.0
REP000354,LN00182,2024-02-04,37560.52,Direct Debit,On-Time,138,0.0
REP000355,LN00015,2020-02-25,393306.56,Bank Transfer,On-Time,15,0.0
REP000356,LN00111,2023-08-30,25936.98,Bank Transfer,Late,0,1854.68
REP000357,LN00170,2022-02-03,307226.41,Direct Debit,On-Time,0,2451.39
REP000358,LN00213,2019-06-14,253408.84,Cheque,On-Time,0,0.0
REP000359,LN00241,2020-12-08,404876.81,Cash,Late,0,0.0
REP000360,LN00086,2021-06-09,152326.29,Cheque,On-Time,0,632.09
REP000361,LN00055,2020-02-21,415914.82,Direct Debit,On-Time,0,0.0
REP000362,LN00005,2020-09-24,411747.27,Cheque,On-Time,0,0.0
REP000363,LN00299,2024-02-24,464984.21,Bank Transfer,On-Time,0,0.0
REP000364,LN00298,2022-04-19,200525.1,Cash,Late,100,0.0
REP000365,LN00175,2022-05-14,305024.01,Bank Transfer,Late,80,0.0
REP000366,LN00050,2022-07-17,494900.46,Bank Transfer,On-Time,0,2313.8
REP000367,LN00227,2024-03-20,321246.39,Cash,Late,79,0.0
REP000368,LN00212,2023-09-18,325773.32,Direct Debit,Late,0,0.0
REP000369,LN00188,2021-05-14,103338.57,Bank Transfer,Missed,0,0.0
REP000370,LN00188,2021-09-01,297206.99,Cheque,Missed,35,0.0
REP000371,LN00230,2020-04-29,344152.08,Cash,On-Time,0,0.0
REP000372,LN00172,2024-05-28,407764.33,Cash,Missed,173,0.0
REP000373,LN00113,2020-03-07,194199.52,Cash,Late,0,0.0
REP000374,LN00235,2024-08-28,280488.3,Bank Transfer,On-Time,0,0.0
REP000375,LN00089,2021-04-08,149844.93,Cheque,On-Time,0,0.0
REP000376,LN00166,2022-07-16,208389.17,Cheque,On-Time,0,4493.57
REP000377,LN00182,2023-12-14,194091.99,Cheque,On-Time,0,0.0
REP000378,LN00181,2024-07-13,54290.5,Cash,Missed,0,3753.06
REP000379,LN00219,2023-12-14,112060.37,Bank Transfer,Missed,0,0.0
REP000380,LN00204,2023-10-06,146894.24,Direct Debit,Late,0,1313.46
REP000381,LN00295,2021-10-24,29306.57,Cheque,On-Time,1,0.0
REP000382,LN00137,2021-09-30,242546.48,Cash,On-Time,0,0.0
REP000383,LN00267,2019-09-28,136756.19,Cheque,On-Time,11,0.0
REP000384,LN00089,2021-03-26,120482.95,Direct Debit,Late,0,2127.27
REP000385,LN00161,2024-04-04,91226.73,Bank Transfer,On-Time,100,799.38
REP000386,LN00110,2023-09-30,164548.17,Bank Transfer,On-Time,46,4910.21
REP000387,LN00116,2022-09-08,95592.59,Direct Debit,On-Time,146,0.0
REP000388,LN00286,2022-04-03,369799.14,Cash,On-Time,0,0.0
REP000389,LN00075,2021-09-28,483685.23,Bank Transfer,Late,0,0.0
REP000390,LN00100,2023-11-09,336517.09,Cheque,On-Time,129,0.0
REP000391,LN00031,2023-08-23,299585.06,Direct Debit,On-Time,0,0.0
REP000392,LN00007,2021-12-08,293517.65,Cheque,On-Time,128,0.0
REP000393,LN00151,2022-06-08,456424.97,Cash,On-Time,0,0.0
REP000394,LN00093,2021-11-22,497856.93,Direct Debit,Late,114,0.0
REP000395,LN00186,2020-12-24,225803.65,Direct Debit,On-Time,164,2890.61
REP000396,LN00293,2021-02-01,12256.94,Direct Debit,On-Time,0,0.0
REP000397,LN00059,2024-04-01,357186.01,Cheque,On-Time,135,4171.46
REP000398,LN00053,2020-05-09,455980.07,Cash,On-Time,123,0.0
REP000399,LN00058,2020-03-10,86745.65,Bank Transfer,On-Time,0,1682.8
REP000400,LN00056,2022-03-06,218239.57,Cheque,On-Time,0,0.0
REP000401,LN00235,2023-05-17,494082.35,Bank Transfer,On-Time,0,3689.44
REP000402,LN00246,2021-04-22,331859.54,Cash,On-Time,0,0.0
REP000403,LN00089,2022-04-10,18021.94,Cash,On-Time,63,4830.35
REP000404,LN00043,2021-04-21,236297.9,Cash,On-Time,0,3151.38
REP000405,LN00291,2023-07-27,260207.77,Direct Debit,Late,0,0.0
REP000406,LN00122,2024-06-03,410807.8,Bank Transfer,Late,0,0.0
REP000407,LN00168,2023-03-02,272572.42,Cash,Late,0,0.0
REP000408,LN00282,2020-12-24,89906.45,Cash,On-Time,81,0.0
REP000409,LN00123,2022-06-13,49066.3,Cash,On-Time,134,0.0
REP000410,LN00210,2022-12-16,32186.62,Cheque,On-Time,0,0.0
REP000411,LN00298,2021-04-26,83387.44,Bank Transfer,On-Time,0,0.0
REP000412,LN00142,2023-07-10,334352.2,Cash,Late,0,0.0
REP000413,LN00120,2022-09-17,18577.56,Cheque,Late,0,0.0
REP000414,LN00036,2021-10-12,402608.51,Direct Debit,Missed,84,1868.34
REP000415,LN00230,2021-06-14,315746.18,Bank Transfer,On-Time,100,0.0
REP000416,LN00292,2023-11-18,52063.63,Direct Debit,Late,0,0.0
REP000417,LN00010,2024-04-10,465789.97,Direct Debit,On-Time,0,2692.31
REP000418,LN00133,2021-03-11,468573.8,Cash,Late,0,0.0
REP000419,LN00225,2023-10-31,472138.51,Cheque,Late,0,4805.92
REP000420,LN00093,2023-05-30,400596.99,Bank Transfer,Missed,0,0.0
REP000421,LN00283,2024-02-18,121429.31,Bank Transfer,On-Time,0,1592.08
REP000422,LN00218,2022-11-08,343751.35,Bank Transfer,On-Time,164,0.0
REP000423,LN00156,2021-01-10,376708.21,Bank Transfer,On-Time,0,0.0
REP000424,LN00067,2020-05-30,287923.42,Cheque,On-Time,0,607.69
REP000425,LN00202,2022-03-25,299759.6,Direct Debit,On-Time,0,0.0
REP000426,LN00181,2020-02-19,443050.73,Cash,Late,0,399.1
REP000427,LN00109,2021-02-13,391119.52,Cheque,On-Time,0,0.0
REP000428,LN00074,2022-11-10,227047.23,Cash,Missed,0,628.25
REP000429,LN00286,2024-07-08,77569.92,Bank Transfer,Late,103,0.0
REP000430,LN00042,2020-01-30,60418.57,Cheque,On-Time,0,0.0
REP000431,LN00270,2019-11-17,488125.59,Direct Debit,Late,0,0.0
REP000432,LN00228,2023-12-20,481447.02,Direct Debit,Late,0,1747.81
REP000433,LN00251,2023-04-20,366823.58,Direct Debit,Missed,73,0.0
REP000434,LN00295,2021-10-24,271063.4,Cash,Late,0,0.0
REP000435,LN00249,2021-04-11,314850.53,Cheque,Late,0,0.0
REP000436,LN00270,2019-07-23,482468.19,Direct Debit,On-Time,0,0.0
REP000437,LN00289,2020-03-05,464262.67,Direct Debit,Late,0,0.0
REP000438,LN00267,2024-08-22,256567.66,Cash,On-Time,0,0.0
REP000439,LN00036,2024-03-08,408582.84,Cash,On-Time,103,0.0
REP000440,LN00043,2019-06-13,426443.29,Bank Transfer,On-Time,80,0.0
REP000441,LN00209,2024-05-12,485401.56,Bank Transfer,On-Time,31,0.0
REP000442,LN00184,2019-08-20,464397.49,Bank Transfer,On-Time,153,0.0
REP000443,LN00103,2019-08-27,447610.98,Cheque,On-Time,112,0.0
REP000444,LN00165,2020-04-15,155536.47,Direct Debit,On-Time,34,0.0
REP000445,LN00255,2023-11-28,73429.12,Direct Debit,On-Time,0,0.0
REP000446,LN00045,2021-02-18,380127.17,Cash,On-Time,0,0.0
REP000447,LN00178,2021-07-02,228389.22,Cheque,Late,56,0.0
REP000448,LN00108,2022-12-31,440687.78,Direct Debit,On-Time,0,4663.33
REP000449,LN00203,2020-09-13,181245.18,Bank Transfer,Missed,0,2654.65
REP000450,LN00131,2022-09-13,259006.94,Direct Debit,On-Time,76,0.0
REP000451,LN00080,2023-01-16,463915.63,Cheque,Missed,0,699.3
REP000452,LN00236,2024-05-03,287688.38,Bank Transfer,On-Time,169,0.0
REP000453,LN00115,2020-09-18,222975.03,Cheque,Late,47,0.0
REP000454,LN00114,2019-10-27,255889.75,Cash,On-Time,0,0.0
REP000455,LN00123,2020-09-27,221645.58,Bank Transfer,On-Time,0,2004.72
REP000456,LN00022,2020-02-24,10709.34,Cheque,On-Time,0,0.0
REP000457,LN00249,2023-01-07,90424.64,Bank Transfer,Late,29,0.0
REP000458,LN00005,2024-05-01,406875.79,Bank Transfer,Missed,157,301.77
REP000459,LN00145,2024-01-17,133452.84,Cash,On-Time,0,0.0
REP000460,LN00128,2024-05-13,28177.05,Bank Transfer,On-Time,0,0.0
REP000461,LN00202,2024-01-19,239782.28,Bank Transfer,On-Time,37,0.0
REP000462,LN00206,2020-01-24,239271.25,Bank Transfer,Missed,0,3756.38
REP000463,LN00044,2023-11-23,51380.05,Cash,Late,0,451.74
REP000464,LN00058,2021-03-29,422083.35,Bank Transfer,Late,0,0.0
REP000465,LN00159,2024-04-13,421848.79,Direct Debit,On-Time,0,0.0
REP000466,LN00172,2021-03-11,193223.7,Cheque,Late,0,0.0
REP000467,LN00295,2019-10-20,47138.38,Bank Transfer,On-Time,0,0.0
REP000468,LN00226,2020-07-31,299861.79,Bank Transfer,On-Time,0,0.0
REP000469,LN00076,2019-06-12,50294.34,Cash,On-Time,0,0.0
REP000470,LN00058,2021-03-25,325736.24,Direct Debit,On-Time,0,0.0
REP000471,LN00081,2021-04-27,46596.1,Cheque,Late,112,0.0
REP000472,LN00163,2022-02-09,83126.33,Bank Transfer,On-Time,0,0.0
REP000473,LN00073,2019-08-09,446040.02,Bank Transfer,On-Time,0,0.0
REP000474,LN00239,2022-05-04,338798.53,Cash,On-Time,0,578.45
REP000475,LN00094,2020-07-22,297262.82,Direct Debit,On-Time,0,0.0
REP000476,LN00153,2022-12-19,396774.33,Cheque,Missed,38,0.0
REP000477,LN00188,2022-12-18,301951.35,Bank Transfer,On-Time,46,3067.22
REP000478,LN00013,2021-10-19,214619.89,Direct Debit,On-Time,0,0.0
REP000479,LN00009,2022-07-12,452386.75,Direct Debit,On-Time,20,4555.07
REP000480,LN00288,2023-07-21,79466.32,Bank Transfer,Late,50,0.0
REP000481,LN00144,2020-06-08,364471.69,Bank Transfer,On-Time,0,0.0
REP000482,LN00068,2023-03-28,199091.74,Cheque,On-Time,0,0.0
REP000483,LN00002,2019-12-23,471918.73,Bank Transfer,On-Time,47,0.0
REP000484,LN00256,2021-01-02,336786.7,Cheque,On-Time,0,0.0
REP000485,LN00131,2021-02-11,424726.53,Cash,Late,0,3250.78
REP000486,LN00118,2021-01-03,333968.8,Bank Transfer,Missed,0,0.0
REP000487,LN00266,2024-03-09,29762.56,Bank Transfer,On-Time,0,0.0
REP000488,LN00019,2022-04-30,26351.67,Cheque,On-Time,0,0.0
REP000489,LN00017,2022-05-10,180547.42,Cash,On-Time,5,0.0
REP000490,LN00251,2022-11-15,358124.09,Bank Transfer,Late,0,0.0
REP000491,LN00229,2021-07-24,133032.46,Cash,On-Time,79,1282.12
REP000492,LN00152,2021-07-30,396283.07,Cash,On-Time,0,3414.79
REP000493,LN00023,2022-09-14,396107.72,Cash,On-Time,0,0.0
REP000494,LN00201,2022-11-21,214643.78,Direct Debit,On-Time,0,3117.26
REP000495,LN00245,2023-06-07,180531.97,Direct Debit,On-Time,0,0.0
REP000496,LN00101,2022-03-01,26790.49,Cheque,On-Time,0,1616.65
REP000497,LN00291,2020-03-22,450295.56,Cheque,Late,0,1673.81
REP000498,LN00257,2022-03-20,322951.77,Direct Debit,Missed,177,3174.07
REP000499,LN00015,2024-03-07,92629.5,Cheque,Late,17,0.0
REP000500,LN00020,2023-04-14,145638.15,Cash,On-Time,0,214.27
REP000501,LN00159,2024-08-31,447412.59,Direct Debit,Late,0,0.0
REP000502,LN00184,2020-08-28,347010.57,Cash,On-Time,0,0.0
REP000503,LN00084,2021-10-14,281302.87,Cash,On-Time,0,0.0
REP000504,LN00088,2021-12-06,169986.92,Cheque,On-Time,0,0.0
REP000505,LN00182,2024-06-14,191806.49,Bank Transfer,On-Time,0,0.0
REP000506,LN00258,2022-12-27,57969.4,Cheque,Late,0,0.0
REP000507,LN00097,2023-11-02,465850.03,Bank Transfer,On-Time,0,0.0
REP000508,LN00136,2021-11-20,292611.71,Direct Debit,Late,0,0.0
REP000509,LN00233,2023-06-13,430201.69,Cheque,Late,12,0.0
REP000510,LN00259,2024-09-26,331022.42,Direct Debit,On-Time,73,0.0
REP000511,LN00157,2021-01-20,322382.57,Cash,On-Time,42,0.0
REP000512,LN00262,2023-01-08,94954.0,Bank Transfer,On-Time,0,4361.81
REP000513,LN00285,2021-09-24,321799.32,Direct Debit,On-Time,0,0.0
REP000514,LN00193,2020-04-02,442959.9,Bank Transfer,On-Time,157,0.0
REP000515,LN00189,2023-08-08,463482.41,Bank Transfer,On-Time,65,0.0
REP000516,LN00016,2019-06-14,352495.46,Cash,Late,0,0.0
REP000517,LN00111,2020-02-21,145104.79,Cash,Late,0,1149.58
REP000518,LN00192,2021-06-20,306863.28,Bank Transfer,On-Time,137,0.0
REP000519,LN00082,2024-02-27,194946.68,Direct Debit,Late,56,0.0
REP000520,LN00269,2022-04-21,128084.19,Cash,On-Time,0,0.0
REP000521,LN00133,2023-07-22,136091.53,Cheque,On-Time,29,0.0
REP000522,LN00180,2023-05-12,307842.95,Direct Debit,On-Time,73,2091.95
REP000523,LN00118,2020-05-09,17682.41,Direct Debit,On-Time,125,0.0
REP000524,LN00018,2024-07-26,229264.58,Bank Transfer,On-Time,0,0.0
REP000525,LN00283,2021-06-25,159634.87,Cheque,On-Time,0,3296.38
REP000526,LN00266,2021-01-10,37056.16,Cash,On-Time,0,0.0
REP000527,LN00218,2020-08-02,10749.55,Direct Debit,Late,0,4599.33
REP000528,LN00229,2024-09-26,282612.41,Cash,Late,0,0.0
REP000529,LN00124,2019-10-21,55593.79,Cheque,Late,0,0.0
REP000530,LN00040,2022-05-12,75458.15,Cash,On-Time,0,0.0
REP000531,LN00042,2020-08-21,490707.01,Direct Debit,On-Time,0,4692.42
REP000532,LN00006,2023-12-06,181007.83,Cash,Late,0,0.0
REP000533,LN00240,2023-12-23,381224.36,Direct Debit,On-Time,0,4355.84
REP000534,LN00224,2020-05-20,413632.3,Cheque,On-Time,0,1753.02
REP000535,LN00148,2023-05-20,206282.32,Bank Transfer,Late,0,1185.65
REP000536,LN00188,2022-06-17,273596.73,Cheque,On-Time,131,1643.26
REP000537,LN00143,2023-12-11,66903.56,Cash,On-Time,146,2268.37
REP000538,LN00116,2023-12-28,253753.76,Cheque,On-Time,0,616.43
REP000539,LN00015,2020-01-03,289065.82,Bank Transfer,Late,180,0.0
REP000540,LN00049,2023-07-19,395725.36,Cheque,Late,0,0.0
REP000541,LN00210,2020-02-29,114891.28,Cheque,On-Time,0,0.0
REP000542,LN00181,2020-06-24,269637.93,Direct Debit,On-Time,0,0.0
REP000543,LN00231,2024-02-07,268688.2,Direct Debit,On-Time,0,0.0
REP000544,LN00080,2019-10-07,253395.35,Cash,Late,0,0.0
REP000545,LN00120,2020-02-14,308969.72,Cash,Late,0,0.0
REP000546,LN00158,2020-07-14,440765.47,Direct Debit,Late,0,0.0
REP000547,LN00161,2022-10-25,73042.4,Cash,On-Time,0,0.0
REP000548,LN00021,2020-03-20,132973.13,Direct Debit,Missed,29,1354.95
REP000549,LN00059,2024-05-04,242364.18,Cash,Late,0,4145.0
REP000550,LN00061,2024-02-17,495344.62,Direct Debit,Late,24,0.0
REP000551,LN00070,2023-01-12,377683.16,Cheque,On-Time,0,2953.24
REP000552,LN00282,2019-06-15,225361.29,Cash,Late,121,4505.73
REP000553,LN00287,2022-12-05,289996.37,Cheque,On-Time,0,0.0
REP000554,LN00095,2021-02-14,215332.65,Direct Debit,On-Time,0,0.0
REP000555,LN00215,2022-11-30,313503.34,Bank Transfer,Late,158,0.0
REP000556,LN00052,2019-12-07,36387.94,Cash,On-Time,0,0.0
REP000557,LN00104,2019-09-29,153450.34,Cash,On-Time,0,0.0
REP000558,LN00289,2021-07-12,111153.64,Bank Transfer,On-Time,0,0.0
REP000559,LN00033,2023-07-22,415699.65,Cheque,On-Time,0,1072.25
REP000560,LN00164,2019-06-17,295316.48,Cheque,On-Time,0,0.0
REP000561,LN00024,2024-05-18,379560.86,Cash,On-Time,0,0.0
REP000562,LN00004,2019-12-02,363761.57,Bank Transfer,On-Time,0,0.0
REP000563,LN00255,2022-04-30,182084.82,Cheque,Late,115,0.0
REP000564,LN00270,2020-10-14,378968.07,Cash,Late,40,0.0
REP000565,LN00050,2021-09-28,301846.58,Cheque,On-Time,0,0.0
REP000566,LN00031,2020-11-19,408357.37,Cash,On-Time,105,0.0
REP000567,LN00181,2022-02-27,499296.6,Cash,On-Time,151,4710.4
REP000568,LN00001,2020-04-23,437200.73,Bank Transfer,On-Time,0,0.0
REP000569,LN00034,2020-07-22,358793.71,Cash,Late,157,0.0
REP000570,LN00226,2023-06-09,58440.43,Cheque,On-Time,153,0.0
REP000571,LN00072,2022-07-07,110605.18,Direct Debit,On-Time,0,0.0
REP000572,LN00154,2022-01-04,361258.65,Direct Debit,On-Time,0,0.0
REP000573,LN00201,2021-05-07,447749.02,Direct Debit,On-Time,157,0.0
REP000574,LN00040,2019-07-20,174155.86,Bank Transfer,Late,0,0.0
REP000575,LN00149,2022-05-26,490601.25,Bank Transfer,On-Time,72,0.0
REP000576,LN00173,2020-05-04,26676.48,Cash,On-Time,148,4849.44
REP000577,LN00104,2023-09-18,130983.7,Cash,On-Time,0,339.1
REP000578,LN00037,2022-01-21,280365.42,Bank Transfer,On-Time,0,4311.78
REP000579,LN00066,2021-09-05,51725.8,Bank Transfer,On-Time,0,0.0
REP000580,LN00023,2022-04-28,169563.1,Cheque,On-Time,177,0.0
REP000581,LN00201,2023-05-17,415879.1,Cash,Late,0,0.0
REP000582,LN00090,2019-11-26,15855.78,Bank Transfer,On-Time,135,0.0
REP000583,LN00080,2023-02-22,86958.81,Bank Transfer,On-Time,0,0.0
REP000584,LN00015,2021-12-20,453682.4,Direct Debit,Late,25,0.0
REP000585,LN00289,2020-05-28,142816.25,Bank Transfer,On-Time,167,0.0
REP000586,LN00260,2023-10-29,154533.64,Bank Transfer,Missed,0,0.0
REP000587,LN00097,2020-06-05,76599.06,Bank Transfer,On-Time,42,0.0
REP000588,LN00043,2024-06-16,66661.82,Cheque,On-Time,0,2473.74
REP000589,LN00119,2021-05-17,53193.92,Cheque,Missed,0,0.0
REP000590,LN00154,2022-02-08,162352.42,Bank Transfer,On-Time,132,498.52
REP000591,LN00292,2022-01-06,20625.07,Bank Transfer,On-Time,0,0.0
REP000592,LN00029,2021-03-19,100658.06,Direct Debit,Late,0,0.0
REP000593,LN00083,2020-11-15,148130.32,Cash,Late,0,1200.99
REP000594,LN00299,2023-08-08,18986.21,Cash,On-Time,0,0.0
REP000595,LN00071,2021-06-13,285773.57,Cheque,Late,179,0.0
REP000596,LN00062,2022-07-26,204022.05,Cheque,On-Time,0,0.0
REP000597,LN00076,2022-12-07,36273.9,Bank Transfer,On-Time,51,1547.83
REP000598,LN00031,2020-11-26,379024.72,Direct Debit,On-Time,0,4617.98
REP000599,LN00142,2022-02-15,244698.6,Direct Debit,On-Time,29,0.0
REP000600,LN00033,2020-03-04,456219.26,Bank Transfer,On-Time,141,0.0
REP000601,LN00043,2021-07-16,375023.29,Cheque,Late,6,140.81
REP000602,LN00139,2020-04-12,387337.94,Cash,Missed,0,2790.1
REP000603,LN00238,2024-04-01,67754.75,Direct Debit,On-Time,0,0.0
REP000604,LN00201,2022-08-13,133052.47,Cash,On-Time,15,0.0
REP000605,LN00052,2024-09-11,271428.87,Cash,On-Time,0,0.0
REP000606,LN00056,2019-08-06,377739.04,Bank Transfer,Late,0,2034.37
REP000607,LN00005,2021-03-28,317091.03,Direct Debit,Late,57,0.0
REP000608,LN00049,2020-03-18,275618.67,Bank Transfer,On-Time,0,0.0
REP000609,LN00028,2022-11-18,478430.92,Bank Transfer,On-Time,0,4209.91
REP000610,LN00148,2019-12-02,366095.45,Direct Debit,Missed,111,927.61
REP000611,LN00247,2022-04-12,433817.88,Direct Debit,On-Time,109,0.0
REP000612,LN00161,2023-12-29,233553.91,Cheque,Missed,0,3469.49
REP000613,LN00055,2023-10-06,277820.71,Cash,Late,0,0.0
REP000614,LN00189,2024-03-16,52964.56,Cash,On-Time,0,0.0
REP000615,LN00079,2023-03-03,44411.63,Bank Transfer,On-Time,0,0.0
REP000616,LN00280,2023-07-29,139080.69,Bank Transfer,On-Time,0,0.0
REP000617,LN00126,2021-12-15,260900.94,Direct Debit,On-Time,0,0.0
REP000618,LN00172,2021-07-23,497661.82,Cheque,Missed,0,0.0
REP000619,LN00103,2024-06-16,394702.05,Bank Transfer,On-Time,0,0.0
REP000620,LN00249,2023-02-06,420668.64,Bank Transfer,On-Time,105,0.0
REP000621,LN00236,2022-07-09,313161.02,Cash,On-Time,6,0.0
REP000622,LN00207,2020-10-06,459962.78,Bank Transfer,On-Time,177,0.0
REP000623,LN00132,2023-07-04,315162.1,Cash,On-Time,0,0.0
REP000624,LN00228,2019-12-27,473856.54,Direct Debit,On-Time,0,0.0
REP000625,LN00260,2021-08-12,275227.93,Direct Debit,Late,0,0.0
REP000626,LN00070,2019-09-17,310151.74,Cash,On-Time,44,0.0
REP000627,LN00247,2022-06-30,271509.86,Cash,Missed,1,0.0
REP000628,LN00073,2024-04-14,403359.34,Cheque,On-Time,16,0.0
REP000629,LN00035,2020-06-07,128243.01,Cash,Late,0,3895.18
REP000630,LN00155,2023-06-11,487751.63,Bank Transfer,Missed,0,0.0
REP000631,LN00164,2021-11-17,200934.65,Cheque,Missed,2,0.0
REP000632,LN00299,2020-02-03,311179.82,Cash,On-Time,0,1954.62
REP000633,LN00123,2023-01-12,222971.58,Bank Transfer,On-Time,90,3607.21
REP000634,LN00102,2022-01-16,465503.35,Cheque,On-Time,0,0.0
REP000635,LN00172,2020-05-25,193675.4,Bank Transfer,On-Time,0,0.0
REP000636,LN00135,2019-10-08,159613.4,Cheque,Late,0,0.0
REP000637,LN00222,2021-12-23,446798.98,Direct Debit,On-Time,51,0.0
REP000638,LN00148,2023-04-08,49696.45,Direct Debit,On-Time,0,0.0
REP000639,LN00211,2020-08-14,173441.07,Cheque,On-Time,0,0.0
REP000640,LN00164,2020-07-11,134303.34,Bank Transfer,On-Time,0,0.0
REP000641,LN00191,2021-11-24,160210.06,Cash,On-Time,42,0.0
REP000642,LN00121,2023-10-30,331653.77,Cash,Late,139,0.0
REP000643,LN00279,2023-06-08,59769.76,Bank Transfer,Late,87,0.0
REP000644,LN00036,2023-07-01,308780.07,Direct Debit,On-Time,0,0.0
REP000645,LN00144,2020-08-18,362578.89,Bank Transfer,Late,0,2815.43
REP000646,LN00019,2024-08-09,341363.91,Bank Transfer,On-Time,0,0.0
REP000647,LN00259,2022-07-31,34001.1,Bank Transfer,On-Time,50,1080.94
REP000648,LN00149,2023-02-02,345289.05,Cheque,Late,0,0.0
REP000649,LN00271,2022-09-06,241489.57,Cash,Late,0,0.0
REP000650,LN00156,2020-06-16,183851.46,Direct Debit,On-Time,140,3271.74
REP000651,LN00243,2024-02-10,350010.49,Cash,On-Time,0,0.0
REP000652,LN00259,2024-08-09,193837.51,Bank Transfer,Late,0,0.0
REP000653,LN00005,2019-07-30,348909.5,Direct Debit,Late,0,0.0
REP000654,LN00230,2021-03-29,178874.22,Bank Transfer,On-Time,0,2831.86
REP000655,LN00113,2020-06-07,39839.91,Bank Transfer,Late,102,2363.07
REP000656,LN00044,2020-05-19,43910.13,Cash,On-Time,49,0.0
REP000657,LN00198,2020-04-13,342969.2,Cash,Late,0,0.0
REP000658,LN00052,2022-08-24,35624.22,Direct Debit,Missed,0,0.0
REP000659,LN00068,2022-08-04,417099.39,Bank Transfer,Late,0,0.0
REP000660,LN00105,2024-07-06,271219.65,Direct Debit,On-Time,25,1269.43
REP000661,LN00203,2022-11-11,386789.73,Cheque,Late,1,3549.73
REP000662,LN00026,2020-08-12,404714.43,Bank Transfer,On-Time,0,0.0
REP000663,LN00119,2023-07-27,107535.06,Cash,On-Time,0,0.0
REP000664,LN00263,2021-09-21,160622.06,Bank Transfer,Late,0,0.0
REP000665,LN00110,2024-05-10,208340.85,Bank Transfer,On-Time,0,0.0
REP000666,LN00234,2020-05-16,356131.53,Cash,On-Time,0,0.0
REP000667,LN00162,2019-12-24,67252.7,Bank Transfer,On-Time,0,0.0
REP000668,LN00135,2023-07-10,259760.55,Direct Debit,Late,0,342.01
REP000669,LN00032,2021-10-22,133653.14,Cash,On-Time,0,2273.94
REP000670,LN00080,2023-11-24,189332.25,Direct Debit,On-Time,83,0.0
REP000671,LN00171,2021-03-31,32626.62,Cash,Late,0,0.0
REP000672,LN00220,2023-02-06,245326.52,Cash,On-Time,162,723.5
REP000673,LN00157,2024-03-14,29330.1,Direct Debit,On-Time,0,0.0
REP000674,LN00232,2022-09-11,299088.11,Cash,Late,0,0.0
REP000675,LN00053,2019-11-02,327407.04,Cash,On-Time,12,4653.37
REP000676,LN00295,2023-01-02,154060.72,Direct Debit,Late,84,0.0
REP000677,LN00042,2021-02-10,72263.94,Bank Transfer,Late,0,0.0
REP000678,LN00171,2020-09-26,267524.66,Cash,On-Time,0,0.0
REP000679,LN00291,2022-07-07,292280.13,Cheque,On-Time,0,0.0
REP000680,LN00227,2022-07-02,93569.13,Bank Transfer,Late,46,0.0
REP000681,LN00287,2020-03-21,150192.09,Bank Transfer,Late,0,0.0
REP000682,LN00168,2020-09-27,191286.08,Bank Transfer,On-Time,0,1349.39
REP000683,LN00161,2024-06-10,190647.11,Cheque,Late,0,0.0
REP000684,LN00205,2020-05-07,433266.03,Cheque,On-Time,0,4569.31
REP000685,LN00071,2021-03-27,393830.98,Bank Transfer,Late,0,0.0
REP000686,LN00188,2023-01-28,371577.23,Bank Transfer,Late,70,0.0
REP000687,LN00163,2021-06-14,280592.42,Cheque,On-Time,0,0.0
REP000688,LN00236,2023-05-09,220279.47,Cheque,On-Time,0,2230.39
REP000689,LN00261,2020-10-13,251264.21,Bank Transfer,Late,63,4416.51
REP000690,LN00286,2023-11-03,29751.16,Bank Transfer,On-Time,136,0.0
REP000691,LN00039,2022-08-26,395643.07,Cheque,On-Time,61,0.0
REP000692,LN00276,2024-03-18,134754.75,Cheque,On-Time,141,0.0
REP000693,LN00256,2024-06-05,12105.76,Cheque,On-Time,1,0.0
REP000694,LN00240,2022-06-11,396298.97,Cash,On-Time,91,0.0
REP000695,LN00286,2020-07-21,158817.33,Bank Transfer,On-Time,0,0.0
REP000696,LN00208,2021-03-17,214677.39,Direct Debit,On-Time,0,0.0
REP000697,LN00069,2022-07-13,185272.82,Cheque,On-Time,0,0.0
REP000698,LN00253,2024-09-06,379351.82,Cash,Late,142,0.0
REP000699,LN00130,2021-02-20,173258.79,Direct Debit,On-Time,0,0.0
REP000700,LN00216,2020-11-28,446769.49,Direct Debit,On-Time,0,0.0
